Fecha,Precipitacion_mm
2016-03-12,0
2016-03-13,0
2016-03-14,0
2016-03-15,0
2016-03-16,0
2016-03-17,0
2016-03-18,0
2016-03-19,0
2016-03-20,2.5326480865478516
2016-03-21,0
2016-03-22,3.6383676528930664
2016-03-23,0
2016-03-24,0
2016-03-25,0
2016-03-26,0
2016-03-27,0
2016-03-28,0
2016-03-29,0
2016-03-30,0
2016-03-31,0
2016-04-01,0
2016-04-02,0
2016-04-03,0
2016-04-04,0
2016-04-05,0
2016-04-06,0
2016-04-07,0
2016-04-08,0
2016-04-09,0
2016-04-10,3.4636311531066895
2016-04-11,0
2016-04-12,0
2016-04-13,0
2016-04-14,0
2016-04-15,0
2016-04-16,0
2016-04-17,2.708486557006836
2016-04-18,2.708486557006836
2016-04-19,4.062729835510254
2016-04-20,6.77121639251709
2016-04-21,1.2757298946380615
2016-04-22,2.551459789276123
2016-04-23,3.8271896839141846
2016-04-24,6.378650188446045
2016-04-25,2.551459789276123
2016-04-26,1.6321923732757568
2016-04-27,3.2643847465515137
2016-04-28,1.6321923732757568
2016-04-29,4.89657735824585
2016-04-30,1.6321923732757568
2016-05-01,4.362736701965332
2016-05-02,8.725473403930664
2016-05-03,8.725473403930664
2016-05-04,4.362736701965332
2016-05-05,0
2016-05-06,18.311622619628906
2016-05-07,18.311622619628906
2016-05-08,18.311622619628906
2016-05-09,0
2016-05-10,27.467435836791992
2016-05-11,0
2016-05-12,2.0882091522216797
2016-05-13,2.0882091522216797
2016-05-14,4.176418304443359
2016-05-15,6.264627933502197
2016-05-16,0
2016-05-17,16.308256149291992
2016-05-18,0
2016-05-19,16.308256149291992
2016-05-20,0
2016-05-21,0
2016-05-22,3.267796277999878
2016-05-23,6.535592555999756
2016-05-24,16.338979721069336
2016-05-25,3.267796277999878
2016-05-26,15.412015914916992
2016-05-27,5.137338161468506
2016-05-28,5.137338161468506
2016-05-29,15.412015914916992
2016-05-30,5.137338161468506
2016-05-31,5.137338161468506
2016-06-01,9.092662811279297
2016-06-02,13.638994216918945
2016-06-03,13.638994216918945
2016-06-04,4.546331405639648
2016-06-05,0
2016-06-06,6.830294132232666
2016-06-07,13.660588264465332
2016-06-08,0
2016-06-09,6.830294132232666
2016-06-10,6.830294132232666
2016-06-11,0
2016-06-12,12.504863739013672
2016-06-13,12.504863739013672
2016-06-14,18.757295608520508
2016-06-15,18.757295608520508
2016-06-16,0
2016-06-17,0
2016-06-18,0
2016-06-19,0
2016-06-20,13.694107055664062
2016-06-21,18.79648208618164
2016-06-22,0
2016-06-23,0
2016-06-24,6.265494346618652
2016-06-25,12.530988693237305
2016-06-26,17.64690399169922
2016-06-27,5.882301330566406
2016-06-28,0
2016-06-29,0
2016-06-30,5.882301330566406
2016-07-01,0
2016-07-02,7.894180774688721
2016-07-03,1.57883620262146
2016-07-04,0
2016-07-05,0
2016-07-06,1.6930572986602783
2016-07-07,5.079171657562256
2016-07-08,0
2016-07-09,0
2016-07-10,0
2016-07-11,6.409532070159912
2016-07-12,0
2016-07-13,0
2016-07-14,0
2016-07-15,6.409532070159912
2016-07-16,8.546390533447266
2016-07-17,2.1365976333618164
2016-07-18,0
2016-07-19,0
2016-07-20,0
2016-07-21,0
2016-07-22,3.4564528465270996
2016-07-23,0
2016-07-24,3.4564528465270996
2016-07-25,3.4564528465270996
2016-07-26,0
2016-07-27,0
2016-07-28,13.64856243133545
2016-07-29,9.099040985107422
2016-07-30,0
2016-07-31,4.549520492553711
2016-08-01,4.174354553222656
2016-08-02,4.174354553222656
2016-08-03,2.087177276611328
2016-08-04,6.261532306671143
2016-08-05,4.174354553222656
2016-08-06,2.9382708072662354
2016-08-07,0
2016-08-08,2.9382708072662354
2016-08-09,0
2016-08-10,2.9382708072662354
2016-08-11,12.671530723571777
2016-08-12,12.671530723571777
2016-08-13,8.447686195373535
2016-08-14,4.223843097686768
2016-08-15,0
2016-08-16,8.512001991271973
2016-08-17,0
2016-08-18,0
2016-08-19,0
2016-08-20,4.256000995635986
2016-08-21,2.6743228435516357
2016-08-22,2.6743228435516357
2016-08-23,0
2016-08-24,8.022967338562012
2016-08-25,8.022967338562012
2016-08-26,19.71662712097168
2016-08-27,9.85831356048584
2016-08-28,9.85831356048584
2016-08-29,0
2016-08-30,9.85831356048584
2016-08-31,9.85831356048584
2016-09-01,12.845280647277832
2016-09-02,17.12704086303711
2016-09-03,4.281760215759277
2016-09-04,0
2016-09-05,4.281760215759277
2016-09-06,8.996382713317871
2016-09-07,17.992765426635742
2016-09-08,4.4981913566589355
2016-09-09,8.996382713317871
2016-09-10,4.4981913566589355
2016-09-11,12.508331298828125
2016-09-12,0
2016-09-13,4.1694440841674805
2016-09-14,8.338888168334961
2016-09-15,4.1694440841674805
2016-09-16,9.388229370117188
2016-09-17,0
2016-09-18,0
2016-09-19,9.388229370117188
2016-09-20,9.388229370117188
2016-09-21,0
2016-09-22,3.3035168647766113
2016-09-23,9.910550117492676
2016-09-24,3.3035168647766113
2016-09-25,0
2016-09-26,7.942957401275635
2016-09-27,7.942957401275635
2016-09-28,7.942957401275635
2016-09-29,3.9714787006378174
2016-09-30,0
2016-10-01,41.08575439453125
2016-10-02,8.217150688171387
2016-10-03,0
2016-10-04,0
2016-10-05,16.434301376342773
2016-10-06,14.480233192443848
2016-10-07,0
2016-10-08,0
2016-10-09,0
2016-10-10,36.200584411621094
2016-10-11,6.306303977966309
2016-10-12,18.91891098022461
2016-10-13,12.612607955932617
2016-10-14,18.91891098022461
2016-10-15,6.306303977966309
2016-10-16,27.951791763305664
2016-10-17,5.590358734130859
2016-10-18,11.180717468261719
2016-10-19,11.180717468261719
2016-10-20,5.590358734130859
2016-10-21,16.3064022064209
2016-10-22,8.15320110321045
2016-10-23,0
2016-10-24,0
2016-10-25,0
2016-10-26,7.207149028778076
2016-10-27,21.621450424194336
2016-10-28,14.414298057556152
2016-10-29,14.414298057556152
2016-10-30,7.207149028778076
2016-10-31,7.207149028778076
2016-11-01,10.716691017150879
2016-11-02,10.716691017150879
2016-11-03,5.3583455085754395
2016-11-04,5.3583455085754395
2016-11-05,5.3583455085754395
2016-11-06,16.988258361816406
2016-11-07,8.494129180908203
2016-11-08,8.494129180908203
2016-11-09,8.494129180908203
2016-11-10,0
2016-11-11,0
2016-11-12,13.00295352935791
2016-11-13,0
2016-11-14,6.501476764678955
2016-11-15,0
2016-11-16,0
2016-11-17,14.2971773147583
2016-11-18,0
2016-11-19,14.2971773147583
2016-11-20,42.89153289794922
2016-11-21,7.615929126739502
2016-11-22,7.615929126739502
2016-11-23,0
2016-11-24,0
2016-11-25,7.615929126739502
2016-11-26,22.9379940032959
2016-11-27,11.46899700164795
2016-11-28,0
2016-11-29,11.46899700164795
2016-11-30,11.46899700164795
2016-12-01,0
2016-12-02,11.621546745300293
2016-12-03,46.48618698120117
2016-12-04,11.621546745300293
2016-12-05,0
2016-12-06,0
2016-12-07,0
2016-12-08,0
2016-12-09,0
2016-12-10,0
2016-12-11,0
2016-12-12,0
2016-12-13,0
2016-12-14,0
2016-12-15,0
2016-12-16,0
2016-12-17,0
2016-12-18,0
2016-12-19,0
2016-12-20,0
2016-12-21,0
2016-12-22,0
2016-12-23,0
2016-12-24,0
2016-12-25,0
2016-12-26,0
2016-12-27,0
2016-12-28,0
2016-12-29,0
2016-12-30,0
2016-12-31,0
2017-01-01,0
2017-01-02,0
2017-01-03,0
2017-01-04,0
2017-01-05,0
2017-01-06,0
2017-01-07,0
2017-01-08,4.3245649337768555
2017-01-09,8.649129867553711
2017-01-10,0
2017-01-11,0
2017-01-12,0
2017-01-13,0
2017-01-14,0
2017-01-15,0
2017-01-16,0
2017-01-17,0
2017-01-18,0
2017-01-19,0
2017-01-20,0
2017-01-21,0
2017-01-22,0
2017-01-23,0
2017-01-24,0
2017-01-25,0
2017-01-26,0
2017-01-27,0
2017-01-28,0
2017-01-29,0
2017-01-30,0
2017-01-31,0
2017-02-01,0
2017-02-02,0
2017-02-03,0
2017-02-04,0
2017-02-05,0
2017-02-06,0
2017-02-07,0
2017-02-08,0
2017-02-09,0
2017-02-10,6.171131610870361
2017-02-11,0
2017-02-12,0
2017-02-13,0
2017-02-14,0
2017-02-15,0
2017-02-16,6.768608093261719
2017-02-17,8.030010223388672
2017-02-18,0
2017-02-19,0
2017-02-20,0
2017-02-21,0
2017-02-22,0
2017-02-23,0
2017-02-24,0
2017-02-25,0
2017-02-26,0
2017-02-27,0
2017-02-28,0
2017-03-01,0
2017-03-02,0
2017-03-03,0
2017-03-04,0
2017-03-05,0
2017-03-06,1.3193883895874023
2017-03-07,1.3193883895874023
2017-03-08,0
2017-03-09,0
2017-03-10,0
2017-03-11,0
2017-03-12,4.675090312957764
2017-03-13,2.337545156478882
2017-03-14,0
2017-03-15,0
2017-03-16,0
2017-03-17,0
2017-03-18,0
2017-03-19,0
2017-03-20,0
2017-03-21,2.731332302093506
2017-03-22,0
2017-03-23,2.731332302093506
2017-03-24,5.462664604187012
2017-03-25,0
2017-03-26,0
2017-03-27,7.532619953155518
2017-03-28,0
2017-03-29,7.532619953155518
2017-03-30,7.532619953155518
2017-03-31,0
2017-04-01,0
2017-04-02,0
2017-04-03,0
2017-04-04,0
2017-04-05,0
2017-04-06,0
2017-04-07,0
2017-04-08,0
2017-04-09,2.069359540939331
2017-04-10,4.138719081878662
2017-04-11,2.060431480407715
2017-04-12,4.12086296081543
2017-04-13,0
2017-04-14,2.060431480407715
2017-04-15,2.060431480407715
2017-04-16,4.021095275878906
2017-04-17,16.084381103515625
2017-04-18,8.042190551757812
2017-04-19,4.021095275878906
2017-04-20,8.042190551757812
2017-04-21,0
2017-04-22,0
2017-04-23,0
2017-04-24,21.35905647277832
2017-04-25,5.33976411819458
2017-04-26,9.695158958435059
2017-04-27,4.847579479217529
2017-04-28,0
2017-04-29,4.847579479217529
2017-04-30,4.847579479217529
2017-05-01,15.9136962890625
2017-05-02,7.95684814453125
2017-05-03,7.95684814453125
2017-05-04,0
2017-05-05,7.95684814453125
2017-05-06,20.234437942504883
2017-05-07,20.234437942504883
2017-05-08,20.234437942504883
2017-05-09,20.234437942504883
2017-05-10,20.234437942504883
2017-05-11,29.818294525146484
2017-05-12,14.909147262573242
2017-05-13,14.909147262573242
2017-05-14,14.909147262573242
2017-05-15,14.909147262573242
2017-05-16,22.460718154907227
2017-05-17,7.486906051635742
2017-05-18,22.460718154907227
2017-05-19,0
2017-05-20,7.486906051635742
2017-05-21,4.919235706329346
2017-05-22,2.459617853164673
2017-05-23,2.459617853164673
2017-05-24,2.459617853164673
2017-05-25,0
2017-05-26,0
2017-05-27,0
2017-05-28,12.828666687011719
2017-05-29,6.414333343505859
2017-05-30,12.828666687011719
2017-05-31,6.414333343505859
2017-06-01,2.4881608486175537
2017-06-02,0
2017-06-03,0
2017-06-04,0
2017-06-05,2.4881608486175537
2017-06-06,0
2017-06-07,0
2017-06-08,17.60250473022461
2017-06-09,11.735003471374512
2017-06-10,5.867501735687256
2017-06-11,0
2017-06-12,0
2017-06-13,7.243155479431152
2017-06-14,10.864733695983887
2017-06-15,10.864733695983887
2017-06-16,15.763437271118164
2017-06-17,7.881718635559082
2017-06-18,15.763437271118164
2017-06-19,15.763437271118164
2017-06-20,0
2017-06-21,3.791572093963623
2017-06-22,3.791572093963623
2017-06-23,0
2017-06-24,0
2017-06-25,3.791572093963623
2017-06-26,6.313211917877197
2017-06-27,25.25284767150879
2017-06-28,0
2017-06-29,0
2017-06-30,6.313211917877197
2017-07-01,6.403791904449463
2017-07-02,0
2017-07-03,6.403791904449463
2017-07-04,0
2017-07-05,0
2017-07-06,3.351106643676758
2017-07-07,0
2017-07-08,0
2017-07-09,1.675553321838379
2017-07-10,1.675553321838379
2017-07-11,17.098161697387695
2017-07-12,25.647245407104492
2017-07-13,0
2017-07-14,0
2017-07-15,8.549080848693848
2017-07-16,6.346179008483887
2017-07-17,0
2017-07-18,0
2017-07-19,0
2017-07-20,2.1153929233551025
2017-07-21,0
2017-07-22,0
2017-07-23,6.228770732879639
2017-07-24,6.228770732879639
2017-07-25,0
2017-07-26,8.828524589538574
2017-07-27,8.828524589538574
2017-07-28,8.828524589538574
2017-07-29,8.828524589538574
2017-07-30,8.828524589538574
2017-07-31,17.65704917907715
2017-08-01,3.7280759811401367
2017-08-02,3.7280759811401367
2017-08-03,3.7280759811401367
2017-08-04,7.456151962280273
2017-08-05,11.18422794342041
2017-08-06,11.557026863098145
2017-08-07,5.778513431549072
2017-08-08,5.778513431549072
2017-08-09,11.557026863098145
2017-08-10,11.557026863098145
2017-08-11,10.739720344543457
2017-08-12,16.10957908630371
2017-08-13,0
2017-08-14,0
2017-08-15,0
2017-08-16,6.690553665161133
2017-08-17,6.690553665161133
2017-08-18,13.381107330322266
2017-08-19,6.690553665161133
2017-08-20,13.381107330322266
2017-08-21,12.84251594543457
2017-08-22,6.421257972717285
2017-08-23,12.84251594543457
2017-08-24,0
2017-08-25,12.84251594543457
2017-08-26,0
2017-08-27,7.743982791900635
2017-08-28,7.743982791900635
2017-08-29,0
2017-08-30,7.743982791900635
2017-08-31,15.48796558380127
2017-09-01,6.3817973136901855
2017-09-02,0
2017-09-03,12.763594627380371
2017-09-04,0
2017-09-05,6.3817973136901855
2017-09-06,0
2017-09-07,25.948238372802734
2017-09-08,19.461179733276367
2017-09-09,19.461179733276367
2017-09-10,12.974119186401367
2017-09-11,4.495606899261475
2017-09-12,4.495606899261475
2017-09-13,22.478036880493164
2017-09-14,8.99121379852295
2017-09-15,8.99121379852295
2017-09-16,6.0591840744018555
2017-09-17,12.118368148803711
2017-09-18,6.0591840744018555
2017-09-19,12.118368148803711
2017-09-20,0
2017-09-21,3.1458051204681396
2017-09-22,12.583220481872559
2017-09-23,12.583220481872559
2017-09-24,6.291610240936279
2017-09-25,9.437416076660156
2017-09-26,11.475593566894531
2017-09-27,11.475593566894531
2017-09-28,5.737796783447266
2017-09-29,28.688983917236328
2017-09-30,11.475593566894531
2017-10-01,6.640017032623291
2017-10-02,6.640017032623291
2017-10-03,13.280034065246582
2017-10-04,6.640017032623291
2017-10-05,33.2000846862793
2017-10-06,8.700545310974121
2017-10-07,0
2017-10-08,0
2017-10-09,4.3502726554870605
2017-10-10,0
2017-10-11,0
2017-10-12,4.261237621307373
2017-10-13,4.261237621307373
2017-10-14,0
2017-10-15,0
2017-10-16,0
2017-10-17,3.7357289791107178
2017-10-18,7.4714579582214355
2017-10-19,7.4714579582214355
2017-10-20,3.7357289791107178
2017-10-21,9.00540542602539
2017-10-22,0
2017-10-23,27.01621437072754
2017-10-24,9.00540542602539
2017-10-25,9.00540542602539
2017-10-26,0
2017-10-27,16.68264389038086
2017-10-28,16.68264389038086
2017-10-29,33.36528778076172
2017-10-30,0
2017-10-31,0
2017-11-01,0
2017-11-02,0
2017-11-03,0
2017-11-04,0
2017-11-05,0
2017-11-06,0
2017-11-07,8.799363136291504
2017-11-08,8.799363136291504
2017-11-09,17.598726272583008
2017-11-10,26.398088455200195
2017-11-11,6.016384601593018
2017-11-12,6.016384601593018
2017-11-13,0
2017-11-14,36.098304748535156
2017-11-15,6.016384601593018
2017-11-16,14.178773880004883
2017-11-17,0
2017-11-18,14.178773880004883
2017-11-19,0
2017-11-20,14.178773880004883
2017-11-21,20.507192611694336
2017-11-22,0
2017-11-23,0
2017-11-24,0
2017-11-25,0
2017-11-26,0
2017-11-27,0
2017-11-28,0
2017-11-29,0
2017-11-30,0
2017-12-01,0
2017-12-02,0
2017-12-03,0
2017-12-04,0
2017-12-05,0
2017-12-06,23.461166381835938
2017-12-07,0
2017-12-08,11.730583190917969
2017-12-09,23.461166381835938
2017-12-10,0
2017-12-11,0
2017-12-12,0
2017-12-13,0
2017-12-14,0
2017-12-15,0
2017-12-16,0
2017-12-17,0
2017-12-18,0
2017-12-19,0
2017-12-20,0
2017-12-21,0
2017-12-22,0
2017-12-23,0
2017-12-24,0
2017-12-25,0
2017-12-26,0
2017-12-27,0
2017-12-28,0
2017-12-29,0
2017-12-30,0
2017-12-31,0
2018-01-01,0
2018-01-02,26.78234100341797
2018-01-03,8.927447319030762
2018-01-04,0
2018-01-05,0
2018-01-06,0
2018-01-07,0
2018-01-08,0
2018-01-09,0
2018-01-10,3.2777671813964844
2018-01-11,0
2018-01-12,0
2018-01-13,7.624927997589111
2018-01-14,0
2018-01-15,0
2018-01-16,0
2018-01-17,0
2018-01-18,2.5858559608459473
2018-01-19,1.2929279804229736
2018-01-20,0
2018-01-21,0
2018-01-22,0
2018-01-23,0
2018-01-24,3.050570011138916
2018-01-25,0
2018-01-26,0
2018-01-27,0
2018-01-28,0
2018-01-29,0
2018-01-30,0
2018-01-31,0
2018-02-01,4.086728096008301
2018-02-02,0
2018-02-03,0
2018-02-04,0
2018-02-05,0
2018-02-06,0
2018-02-07,0
2018-02-08,0
2018-02-09,0
2018-02-10,0
2018-02-11,0
2018-02-12,0
2018-02-13,0
2018-02-14,0
2018-02-15,0
2018-02-16,0
2018-02-17,3.905766725540161
2018-02-18,0
2018-02-19,0
2018-02-20,0
2018-02-21,0
2018-02-22,0
2018-02-23,0
2018-02-24,0
2018-02-25,0
2018-02-26,0
2018-02-27,0
2018-02-28,0
2018-03-01,0
2018-03-02,0
2018-03-03,0
2018-03-04,0
2018-03-05,0
2018-03-06,0
2018-03-07,0
2018-03-08,3.2896227836608887
2018-03-09,3.2896227836608887
2018-03-10,0
2018-03-11,0
2018-03-12,0
2018-03-13,0
2018-03-14,3.989926338195801
2018-03-15,3.989926338195801
2018-03-16,0
2018-03-17,0.8323328495025635
2018-03-18,0.8323328495025635
2018-03-19,0
2018-03-20,0.8323328495025635
2018-03-21,0
2018-03-22,1.6606013774871826
2018-03-23,3.3212027549743652
2018-03-24,3.3212027549743652
2018-03-25,0
2018-03-26,0
2018-03-27,0
2018-03-28,0
2018-03-29,0
2018-03-30,0
2018-03-31,0
2018-04-01,3.2000672817230225
2018-04-02,3.2000672817230225
2018-04-03,1.6000336408615112
2018-04-04,1.6000336408615112
2018-04-05,0
2018-04-06,0
2018-04-07,0
2018-04-08,0
2018-04-09,0
2018-04-10,0
2018-04-11,0
2018-04-12,0
2018-04-13,0
2018-04-14,0
2018-04-15,11.1842622756958
2018-04-16,4.458707332611084
2018-04-17,8.917414665222168
2018-04-18,8.917414665222168
2018-04-19,8.917414665222168
2018-04-20,4.458707332611084
2018-04-21,2.4533326625823975
2018-04-22,2.4533326625823975
2018-04-23,2.4533326625823975
2018-04-24,4.906665325164795
2018-04-25,7.359997749328613
2018-04-26,2.5234389305114746
2018-04-27,10.093755722045898
2018-04-28,2.5234389305114746
2018-04-29,2.5234389305114746
2018-04-30,7.570315837860107
2018-05-01,0
2018-05-02,0
2018-05-03,9.001204490661621
2018-05-04,36.004817962646484
2018-05-05,18.002408981323242
2018-05-06,0
2018-05-07,16.939271926879883
2018-05-08,8.469635963439941
2018-05-09,16.939271926879883
2018-05-10,0
2018-05-11,0
2018-05-12,0
2018-05-13,29.652206420898438
2018-05-14,14.826103210449219
2018-05-15,14.826103210449219
2018-05-16,2.2215795516967773
2018-05-17,2.2215795516967773
2018-05-18,6.66473913192749
2018-05-19,11.107897758483887
2018-05-20,2.2215795516967773
2018-05-21,4.626426696777344
2018-05-22,13.879280090332031
2018-05-23,9.252853393554688
2018-05-24,9.252853393554688
2018-05-25,9.252853393554688
2018-05-26,4.843318462371826
2018-05-27,9.686636924743652
2018-05-28,4.843318462371826
2018-05-29,4.843318462371826
2018-05-30,0
2018-05-31,0
2018-06-01,4.060422420501709
2018-06-02,4.060422420501709
2018-06-03,4.060422420501709
2018-06-04,0
2018-06-05,0
2018-06-06,2.1857218742370605
2018-06-07,0
2018-06-08,4.371443748474121
2018-06-09,0
2018-06-10,2.1857218742370605
2018-06-11,16.838457107543945
2018-06-12,6.735383033752441
2018-06-13,0
2018-06-14,3.3676915168762207
2018-06-15,3.3676915168762207
2018-06-16,0
2018-06-17,0
2018-06-18,13.833765983581543
2018-06-19,18.44502067565918
2018-06-20,9.22251033782959
2018-06-21,0
2018-06-22,0
2018-06-23,11.916888236999512
2018-06-24,5.958444118499756
2018-06-25,17.87533187866211
2018-06-26,0
2018-06-27,0
2018-06-28,0
2018-06-29,0
2018-06-30,0
2018-07-01,0
2018-07-02,4.277924060821533
2018-07-03,8.555848121643066
2018-07-04,0
2018-07-05,0
2018-07-06,0
2018-07-07,0
2018-07-08,0
2018-07-09,6.150162696838379
2018-07-10,6.150162696838379
2018-07-11,5.284331798553467
2018-07-12,0
2018-07-13,0
2018-07-14,0
2018-07-15,0
2018-07-16,1.2251100540161133
2018-07-17,2.4502201080322266
2018-07-18,0
2018-07-19,1.2251100540161133
2018-07-20,1.2251100540161133
2018-07-21,0
2018-07-22,0
2018-07-23,0
2018-07-24,5.225186347961426
2018-07-25,6.966915607452393
2018-07-26,11.107759475708008
2018-07-27,5.553879737854004
2018-07-28,11.107759475708008
2018-07-29,0
2018-07-30,5.553879737854004
2018-07-31,0
2018-08-01,5.151561260223389
2018-08-02,2.5757806301116943
2018-08-03,2.5757806301116943
2018-08-04,0
2018-08-05,2.5757806301116943
2018-08-06,2.6002185344696045
2018-08-07,2.6002185344696045
2018-08-08,0
2018-08-09,0
2018-08-10,0
2018-08-11,8.406311988830566
2018-08-12,8.406311988830566
2018-08-13,0
2018-08-14,0
2018-08-15,33.625247955322266
2018-08-16,1.377970576286316
2018-08-17,1.0457024574279785
2018-08-18,1.9894992113113403
2018-08-19,2.2527964115142822
2018-08-20,1.2535492181777954
2018-08-21,0
2018-08-22,5.696591854095459
2018-08-23,11.393183708190918
2018-08-24,0
2018-08-25,0
2018-08-26,9.217816352844238
2018-08-27,18.435632705688477
2018-08-28,9.217816352844238
2018-08-29,9.217816352844238
2018-08-30,9.217816352844238
2018-08-31,18.435632705688477
2018-09-01,8.674993515014648
2018-09-02,8.674993515014648
2018-09-03,0
2018-09-04,4.337496757507324
2018-09-05,13.012490272521973
2018-09-06,17.949228286743164
2018-09-07,17.949228286743164
2018-09-08,17.949228286743164
2018-09-09,8.974614143371582
2018-09-10,8.974614143371582
2018-09-11,0
2018-09-12,0
2018-09-13,7.159036159515381
2018-09-14,7.159036159515381
2018-09-15,7.159036159515381
2018-09-16,14.534012794494629
2018-09-17,4.84467077255249
2018-09-18,9.68934154510498
2018-09-19,4.84467077255249
2018-09-20,4.84467077255249
2018-09-21,0
2018-09-22,3.7270405292510986
2018-09-23,7.454081058502197
2018-09-24,3.7270405292510986
2018-09-25,3.7270405292510986
2018-09-26,5.997727870941162
2018-09-27,2.998863935470581
2018-09-28,8.996591567993164
2018-09-29,2.998863935470581
2018-09-30,2.998863935470581
2018-10-01,17.47114372253418
2018-10-02,17.47114372253418
2018-10-03,23.294858932495117
2018-10-04,11.647429466247559
2018-10-05,5.823714733123779
2018-10-06,0
2018-10-07,17.84081268310547
2018-10-08,17.84081268310547
2018-10-09,11.893875122070312
2018-10-10,11.893875122070312
2018-10-11,0
2018-10-12,12.392863273620605
2018-10-13,24.78572654724121
2018-10-14,12.392863273620605
2018-10-15,12.392863273620605
2018-10-16,7.847715854644775
2018-10-17,7.847715854644775
2018-10-18,0
2018-10-19,15.69543170928955
2018-10-20,0
2018-10-21,0
2018-10-22,0
2018-10-23,6.410931587219238
2018-10-24,12.821863174438477
2018-10-25,0
2018-10-26,15.209486961364746
2018-10-27,0
2018-10-28,0
2018-10-29,0
2018-10-30,7.604743480682373
2018-10-31,0
2018-11-01,13.638129234313965
2018-11-02,13.638129234313965
2018-11-03,0
2018-11-04,0
2018-11-05,0
2018-11-06,0
2018-11-07,0
2018-11-08,6.682093620300293
2018-11-09,13.364187240600586
2018-11-10,6.682093620300293
2018-11-11,0
2018-11-12,0
2018-11-13,0
2018-11-14,24.187576293945312
2018-11-15,0
2018-11-16,8.174888610839844
2018-11-17,0
2018-11-18,0
2018-11-19,0
2018-11-20,0
2018-11-21,0
2018-11-22,0
2018-11-23,0
2018-11-24,0
2018-11-25,0
2018-11-26,0
2018-11-27,0
2018-11-28,0
2018-11-29,0
2018-11-30,0
2018-12-01,0
2018-12-02,0
2018-12-03,0
2018-12-04,0
2018-12-05,0
2018-12-06,0
2018-12-07,0
2018-12-08,0
2018-12-09,0
2018-12-10,0
2018-12-11,0
2018-12-12,0
2018-12-13,3.85231614112854
2018-12-14,0
2018-12-15,0
2018-12-16,0
2018-12-17,0
2018-12-18,0
2018-12-19,0
2018-12-20,0
2018-12-21,3.977712869644165
2018-12-22,0
2018-12-23,0
2018-12-24,0
2018-12-25,0
2018-12-26,0
2018-12-27,0
2018-12-28,0
2018-12-29,0
2018-12-30,0
2018-12-31,0
2019-01-01,0
2019-01-02,0
2019-01-03,0
2019-01-04,0
2019-01-05,0
2019-01-06,0
2019-01-07,0
2019-01-08,0
2019-01-09,7.696555137634277
2019-01-10,0
2019-01-11,0
2019-01-12,0
2019-01-13,0
2019-01-14,0
2019-01-15,0
2019-01-16,0
2019-01-17,0
2019-01-18,0
2019-01-19,0
2019-01-20,0
2019-01-21,0
2019-01-22,0
2019-01-23,0
2019-01-24,0
2019-01-25,0
2019-01-26,0
2019-01-27,0
2019-01-28,0
2019-01-29,0
2019-01-30,0
2019-01-31,0
2019-02-01,0
2019-02-02,0
2019-02-03,0
2019-02-04,0
2019-02-05,0
2019-02-06,0
2019-02-07,0
2019-02-08,0
2019-02-09,0
2019-02-10,0
2019-02-11,0
2019-02-12,0
2019-02-13,0
2019-02-14,0
2019-02-15,0
2019-02-16,0
2019-02-17,10.427067756652832
2019-02-18,10.427067756652832
2019-02-19,0
2019-02-20,0
2019-02-21,0
2019-02-22,0
2019-02-23,0
2019-02-24,0
2019-02-25,0
2019-02-26,0
2019-02-27,0
2019-02-28,0
2019-03-01,0
2019-03-02,0
2019-03-03,0.7636545896530151
2019-03-04,1.5273091793060303
2019-03-05,0.7636545896530151
2019-03-06,0
2019-03-07,0
2019-03-08,0
2019-03-09,0
2019-03-10,0
2019-03-11,0
2019-03-12,0
2019-03-13,0
2019-03-14,0
2019-03-15,0.8704268932342529
2019-03-16,0
2019-03-17,0
2019-03-18,0.7669631838798523
2019-03-19,0
2019-03-20,0.7669631838798523
2019-03-21,0
2019-03-22,0
2019-03-23,1.682503342628479
2019-03-24,0
2019-03-25,0
2019-03-26,0
2019-03-27,0
2019-03-28,0
2019-03-29,0
2019-03-30,0
2019-03-31,4.753986835479736
2019-04-01,2.730646848678589
2019-04-02,2.730646848678589
2019-04-03,1.3653234243392944
2019-04-04,0
2019-04-05,0
2019-04-06,0
2019-04-07,0
2019-04-08,0
2019-04-09,0
2019-04-10,8.407904624938965
2019-04-11,0
2019-04-12,0
2019-04-13,0
2019-04-14,2.0585012435913086
2019-04-15,6.175503730773926
2019-04-16,0
2019-04-17,3.082192897796631
2019-04-18,0
2019-04-19,3.082192897796631
2019-04-20,6.164385795593262
2019-04-21,11.473381042480469
2019-04-22,7.584769248962402
2019-04-23,2.904679775238037
2019-04-24,4.196189880371094
2019-04-25,8.94275188446045
2019-04-26,3.8756277561187744
2019-04-27,5.813441276550293
2019-04-28,3.8756277561187744
2019-04-29,1.9378138780593872
2019-04-30,1.9378138780593872
2019-05-01,0
2019-05-02,0
2019-05-03,0
2019-05-04,1.9376415014266968
2019-05-05,3.8752830028533936
2019-05-06,6.447568416595459
2019-05-07,6.447568416595459
2019-05-08,6.447568416595459
2019-05-09,12.895136833190918
2019-05-10,12.895136833190918
2019-05-11,0
2019-05-12,23.304237365722656
2019-05-13,11.652118682861328
2019-05-14,23.304237365722656
2019-05-15,11.652118682861328
2019-05-16,14.641754150390625
2019-05-17,0
2019-05-18,0
2019-05-19,21.962631225585938
2019-05-20,7.3208770751953125
2019-05-21,9.087785720825195
2019-05-22,4.543892860412598
2019-05-23,9.087785720825195
2019-05-24,9.087785720825195
2019-05-25,4.543892860412598
2019-05-26,10.701988220214844
2019-05-27,42.807952880859375
2019-05-28,42.807952880859375
2019-05-29,10.701988220214844
2019-05-30,42.807952880859375
2019-05-31,10.701988220214844
2019-06-01,5.960468769073486
2019-06-02,5.960468769073486
2019-06-03,11.920937538146973
2019-06-04,5.960468769073486
2019-06-05,11.920937538146973
2019-06-06,3.0843312740325928
2019-06-07,6.1686625480651855
2019-06-08,3.0843312740325928
2019-06-09,3.0843312740325928
2019-06-10,3.0843312740325928
2019-06-11,3.2403252124786377
2019-06-12,0.8774408102035522
2019-06-13,1.0351208448410034
2019-06-14,0.5368399024009705
2019-06-15,1.1833702325820923
2019-06-16,0
2019-06-17,0
2019-06-18,6.304081916809082
2019-06-19,0
2019-06-20,0
2019-06-21,4.4627532958984375
2019-06-22,8.925506591796875
2019-06-23,0
2019-06-24,4.4627532958984375
2019-06-25,4.4627532958984375
2019-06-26,0
2019-06-27,0
2019-06-28,0
2019-06-29,0
2019-06-30,0
2019-07-01,0
2019-07-02,5.431392192840576
2019-07-03,2.715696096420288
2019-07-04,0
2019-07-05,0
2019-07-06,5.977777481079102
2019-07-07,0
2019-07-08,2.988888740539551
2019-07-09,5.977777481079102
2019-07-10,0
2019-07-11,0
2019-07-12,0
2019-07-13,0
2019-07-14,1.7820144891738892
2019-07-15,0
2019-07-16,3.097500801086426
2019-07-17,6.195001602172852
2019-07-18,3.097500801086426
2019-07-19,3.097500801086426
2019-07-20,0
2019-07-21,0
2019-07-22,0
2019-07-23,0
2019-07-24,3.0827672481536865
2019-07-25,0
2019-07-26,0
2019-07-27,3.0077123641967773
2019-07-28,0
2019-07-29,3.0077123641967773
2019-07-30,3.0077123641967773
2019-07-31,9.023137092590332
2019-08-01,12.879666328430176
2019-08-02,12.879666328430176
2019-08-03,0
2019-08-04,6.439833164215088
2019-08-05,19.319499969482422
2019-08-06,6.326900482177734
2019-08-07,6.326900482177734
2019-08-08,3.163450241088867
2019-08-09,6.326900482177734
2019-08-10,0
2019-08-11,6.100034236907959
2019-08-12,0
2019-08-13,0
2019-08-14,12.200068473815918
2019-08-15,6.100034236907959
2019-08-16,9.460260391235352
2019-08-17,0
2019-08-18,0
2019-08-19,6.306839942932129
2019-08-20,0
2019-08-21,4.208251476287842
2019-08-22,0
2019-08-23,6.312376976013184
2019-08-24,2.104125738143921
2019-08-25,2.104125738143921
2019-08-26,3.8136093616485596
2019-08-27,0
2019-08-28,0
2019-08-29,7.627218723297119
2019-08-30,7.627218723297119
2019-08-31,0
2019-09-01,6.729705333709717
2019-09-02,20.189117431640625
2019-09-03,6.729705333709717
2019-09-04,0
2019-09-05,6.729705333709717
2019-09-06,5.140476703643799
2019-09-07,7.710714817047119
2019-09-08,5.140476703643799
2019-09-09,5.140476703643799
2019-09-10,5.140476703643799
2019-09-11,0
2019-09-12,14.413492202758789
2019-09-13,9.60899543762207
2019-09-14,14.413492202758789
2019-09-15,14.413492202758789
2019-09-16,5.812443256378174
2019-09-17,17.437328338623047
2019-09-18,17.437328338623047
2019-09-19,17.437328338623047
2019-09-20,17.437328338623047
2019-09-21,18.37057876586914
2019-09-22,7.348231315612793
2019-09-23,7.348231315612793
2019-09-24,11.022347450256348
2019-09-25,7.348231315612793
2019-09-26,12.47542953491211
2019-09-27,4.15847635269165
2019-09-28,0
2019-09-29,0
2019-09-30,4.15847635269165
2019-10-01,23.106739044189453
2019-10-02,23.106739044189453
2019-10-03,23.106739044189453
2019-10-04,34.66010665893555
2019-10-05,46.213478088378906
2019-10-06,11.046146392822266
2019-10-07,11.046146392822266
2019-10-08,5.523073196411133
2019-10-09,11.046146392822266
2019-10-10,22.09229278564453
2019-10-11,8.89162826538086
2019-10-12,13.337441444396973
2019-10-13,0
2019-10-14,4.44581413269043
2019-10-15,0
2019-10-16,6.840104579925537
2019-10-17,13.680209159851074
2019-10-18,6.840104579925537
2019-10-19,0
2019-10-20,0
2019-10-21,11.846582412719727
2019-10-22,11.846582412719727
2019-10-23,0
2019-10-24,0
2019-10-25,0
2019-10-26,8.648944854736328
2019-10-27,0
2019-10-28,8.648944854736328
2019-10-29,0
2019-10-30,0
2019-10-31,0
2019-11-01,2.61167311668396
2019-11-02,0
2019-11-03,0
2019-11-04,2.61167311668396
2019-11-05,0
2019-11-06,0
2019-11-07,0
2019-11-08,0
2019-11-09,0
2019-11-10,9.029126167297363
2019-11-11,4.175134658813477
2019-11-12,18.7659969329834
2019-11-13,14.866914749145508
2019-11-14,14.848455429077148
2019-11-15,7.2680983543396
2019-11-16,18.169902801513672
2019-11-17,0
2019-11-18,0
2019-11-19,0
2019-11-20,0
2019-11-21,0
2019-11-22,0
2019-11-23,0
2019-11-24,0
2019-11-25,0
2019-11-26,0
2019-11-27,0
2019-11-28,0
2019-11-29,3.2493736743927
2019-11-30,0
2019-12-01,0
2019-12-02,0
2019-12-03,0
2019-12-04,4.145458221435547
2019-12-05,4.145458221435547
2019-12-06,0
2019-12-07,0
2019-12-08,0
2019-12-09,0
2019-12-10,0
2019-12-11,0
2019-12-12,4.160645008087158
2019-12-13,0
2019-12-14,0
2019-12-15,0
2019-12-16,5.137331008911133
2019-12-17,0
2019-12-18,0
2019-12-19,0
2019-12-20,5.137331008911133
2019-12-21,0
2019-12-22,1.7512911558151245
2019-12-23,0
2019-12-24,0
2019-12-25,0
2019-12-26,0
2019-12-27,3.6945528984069824
2019-12-28,0
2019-12-29,0
2019-12-30,0
2019-12-31,3.6945528984069824
2020-01-01,0
2020-01-02,0
2020-01-03,0
2020-01-04,0
2020-01-05,0
2020-01-06,0
2020-01-07,0
2020-01-08,0
2020-01-09,0
2020-01-10,0
2020-01-11,0
2020-01-12,0
2020-01-13,0
2020-01-14,0
2020-01-15,0
2020-01-16,0
2020-01-17,0
2020-01-18,0
2020-01-19,0
2020-01-20,0
2020-01-21,0
2020-01-22,12.991434097290039
2020-01-23,0
2020-01-24,0
2020-01-25,0
2020-01-26,0
2020-01-27,0
2020-01-28,0
2020-01-29,0
2020-01-30,0
2020-01-31,0
2020-02-01,0
2020-02-02,4.70252799987793
2020-02-03,0
2020-02-04,0
2020-02-05,0
2020-02-06,0
2020-02-07,0
2020-02-08,0
2020-02-09,0
2020-02-10,0
2020-02-11,0
2020-02-12,0
2020-02-13,0
2020-02-14,3.524608612060547
2020-02-15,0
2020-02-16,0
2020-02-17,0
2020-02-18,0
2020-02-19,0
2020-02-20,0
2020-02-21,0
2020-02-22,0
2020-02-23,0
2020-02-24,0
2020-02-25,0
2020-02-26,0
2020-02-27,0
2020-02-28,0
2020-02-29,0
2020-03-01,0
2020-03-02,0
2020-03-03,0
2020-03-04,0
2020-03-05,0
2020-03-06,0
2020-03-07,0
2020-03-08,0
2020-03-09,0
2020-03-10,0
2020-03-11,0
2020-03-12,0
2020-03-13,0
2020-03-14,0
2020-03-15,0
2020-03-16,0
2020-03-17,0
2020-03-18,0
2020-03-19,0
2020-03-20,0
2020-03-21,0
2020-03-22,0
2020-03-23,0
2020-03-24,0
2020-03-25,0
2020-03-26,0
2020-03-27,0
2020-03-28,0
2020-03-29,0
2020-03-30,0
2020-03-31,0
2020-04-01,8.04189395904541
2020-04-02,8.04189395904541
2020-04-03,4.020946979522705
2020-04-04,4.020946979522705
2020-04-05,8.04189395904541
2020-04-06,14.516944885253906
2020-04-07,7.258472442626953
2020-04-08,0
2020-04-09,0
2020-04-10,0
2020-04-11,6.972286701202393
2020-04-12,3.4861433506011963
2020-04-13,0
2020-04-14,0
2020-04-15,0
2020-04-16,0
2020-04-17,0
2020-04-18,0
2020-04-19,0
2020-04-20,0
2020-04-21,7.599623203277588
2020-04-22,7.599623203277588
2020-04-23,7.599623203277588
2020-04-24,0
2020-04-25,0
2020-04-26,0
2020-04-27,0
2020-04-28,0
2020-04-29,2.4313061237335205
2020-04-30,4.862612247467041
2020-05-01,2.733699083328247
2020-05-02,2.733699083328247
2020-05-03,0
2020-05-04,5.467398166656494
2020-05-05,5.467398166656494
2020-05-06,0
2020-05-07,16.352602005004883
2020-05-08,16.352602005004883
2020-05-09,16.352602005004883
2020-05-10,8.176301002502441
2020-05-11,0
2020-05-12,7.442015171051025
2020-05-13,0
2020-05-14,0
2020-05-15,22.326045989990234
2020-05-16,4.926392078399658
2020-05-17,4.926392078399658
2020-05-18,4.926392078399658
2020-05-19,4.926392078399658
2020-05-20,2.463196039199829
2020-05-21,3.2799906730651855
2020-05-22,26.078433990478516
2020-05-23,12.356499671936035
2020-05-24,7.3717780113220215
2020-05-25,6.524107933044434
2020-05-26,6.873928546905518
2020-05-27,0
2020-05-28,20.621784210205078
2020-05-29,6.873928546905518
2020-05-30,13.747857093811035
2020-05-31,27.49571418762207
2020-06-01,6.982821941375732
2020-06-02,8.303732872009277
2020-06-03,7.388209819793701
2020-06-04,1.686572790145874
2020-06-05,2.066276788711548
2020-06-06,8.317427635192871
2020-06-07,8.317427635192871
2020-06-08,24.952281951904297
2020-06-09,8.317427635192871
2020-06-10,41.58713912963867
2020-06-11,7.593343257904053
2020-06-12,4.945775985717773
2020-06-13,2.392641067504883
2020-06-14,6.106985569000244
2020-06-15,3.1396801471710205
2020-06-16,0
2020-06-17,0
2020-06-18,0
2020-06-19,10.818787574768066
2020-06-20,0
2020-06-21,0
2020-06-22,0
2020-06-23,0
2020-06-24,0
2020-06-25,0
2020-06-26,0
2020-06-27,4.96198844909668
2020-06-28,0
2020-06-29,9.92397689819336
2020-06-30,0
2020-07-01,0
2020-07-02,2.7080490589141846
2020-07-03,2.7080490589141846
2020-07-04,0
2020-07-05,0
2020-07-06,1.9899468421936035
2020-07-07,1.9899468421936035
2020-07-08,3.979893684387207
2020-07-09,5.9698405265808105
2020-07-10,0
2020-07-11,8.34990406036377
2020-07-12,4.174952030181885
2020-07-13,4.174952030181885
2020-07-14,0
2020-07-15,0
2020-07-16,5.075005054473877
2020-07-17,8.619449615478516
2020-07-18,8.355850219726562
2020-07-19,3.676250457763672
2020-07-20,4.2566118240356445
2020-07-21,8.08187484741211
2020-07-22,0
2020-07-23,0
2020-07-24,4.040937423706055
2020-07-25,8.08187484741211
2020-07-26,11.12784481048584
2020-07-27,11.12784481048584
2020-07-28,0
2020-07-29,3.7092816829681396
2020-07-30,0
2020-07-31,0
2020-08-01,3.835968494415283
2020-08-02,5.753952503204346
2020-08-03,7.671936988830566
2020-08-04,3.835968494415283
2020-08-05,1.9179842472076416
2020-08-06,3.178952693939209
2020-08-07,0
2020-08-08,3.178952693939209
2020-08-09,6.357905387878418
2020-08-10,0
2020-08-11,0
2020-08-12,0
2020-08-13,0
2020-08-14,6.8751373291015625
2020-08-15,0
2020-08-16,0
2020-08-17,0
2020-08-18,23.44418716430664
2020-08-19,11.72209358215332
2020-08-20,17.583141326904297
2020-08-21,7.077556133270264
2020-08-22,7.077556133270264
2020-08-23,7.077556133270264
2020-08-24,3.538778066635132
2020-08-25,7.077556133270264
2020-08-26,5.509091377258301
2020-08-27,0
2020-08-28,0
2020-08-29,0
2020-08-30,0
2020-08-31,0
2020-09-01,9.245247840881348
2020-09-02,13.86787223815918
2020-09-03,9.245247840881348
2020-09-04,0
2020-09-05,9.245247840881348
2020-09-06,0
2020-09-07,14.3404541015625
2020-09-08,14.3404541015625
2020-09-09,21.51068115234375
2020-09-10,7.17022705078125
2020-09-11,0
2020-09-12,21.498849868774414
2020-09-13,7.166283130645752
2020-09-14,7.166283130645752
2020-09-15,0
2020-09-16,1.1927317380905151
2020-09-17,3.6123876571655273
2020-09-18,5.8182573318481445
2020-09-19,1.123538851737976
2020-09-20,3.7730119228363037
2020-09-21,4.317772388458252
2020-09-22,4.317772388458252
2020-09-23,4.317772388458252
2020-09-24,4.317772388458252
2020-09-25,4.317772388458252
2020-09-26,0
2020-09-27,0
2020-09-28,6.813807964324951
2020-09-29,6.813807964324951
2020-09-30,13.627615928649902
2020-10-01,30.55992889404297
2020-10-02,20.3732852935791
2020-10-03,20.3732852935791
2020-10-04,10.18664264678955
2020-10-05,0
2020-10-06,9.461788177490234
2020-10-07,4.730894088745117
2020-10-08,14.192682266235352
2020-10-09,0
2020-10-10,0
2020-10-11,0
2020-10-12,8.327530860900879
2020-10-13,16.655061721801758
2020-10-14,24.98259162902832
2020-10-15,8.327530860900879
2020-10-16,3.8655359745025635
2020-10-17,7.731071949005127
2020-10-18,7.731071949005127
2020-10-19,0
2020-10-20,11.596607208251953
2020-10-21,4.224437713623047
2020-10-22,0
2020-10-23,8.448875427246094
2020-10-24,8.448875427246094
2020-10-25,21.122188568115234
2020-10-26,11.575912475585938
2020-10-27,3.733187675476074
2020-10-28,8.201614379882812
2020-10-29,12.570829391479492
2020-10-30,5.038459777832031
2020-10-31,24.332714080810547
2020-11-01,22.351896286010742
2020-11-02,7.4506330490112305
2020-11-03,22.351896286010742
2020-11-04,7.4506330490112305
2020-11-05,7.4506330490112305
2020-11-06,15.572961807250977
2020-11-07,0
2020-11-08,10.381974220275879
2020-11-09,10.381974220275879
2020-11-10,5.1909871101379395
2020-11-11,0
2020-11-12,15.753281593322754
2020-11-13,10.502187728881836
2020-11-14,36.75765609741211
2020-11-15,0
2020-11-16,25.29051971435547
2020-11-17,25.29051971435547
2020-11-18,25.29051971435547
2020-11-19,0
2020-11-20,0
2020-11-21,0
2020-11-22,3.5253124237060547
2020-11-23,3.5253124237060547
2020-11-24,3.5253124237060547
2020-11-25,0
2020-11-26,0
2020-11-27,0
2020-11-28,2.8413379192352295
2020-11-29,0
2020-11-30,2.8413379192352295
2020-12-01,0
2020-12-02,13.451447486877441
2020-12-03,0
2020-12-04,0
2020-12-05,0
2020-12-06,0
2020-12-07,0
2020-12-08,0
2020-12-09,10.014866828918457
2020-12-10,0
2020-12-11,0
2020-12-12,0
2020-12-13,0
2020-12-14,0
2020-12-15,0
2020-12-16,0
2020-12-17,0
2020-12-18,0
2020-12-19,0
2020-12-20,0
2020-12-21,0
2020-12-22,0
2020-12-23,0
2020-12-24,0
2020-12-25,0
2020-12-26,0
2020-12-27,0
2020-12-28,0
2020-12-29,0
2020-12-30,0
2020-12-31,0
2021-01-01,2.103205680847168
2021-01-02,0
2021-01-03,0
2021-01-04,0
2021-01-05,0
2021-01-06,0
2021-01-07,0
2021-01-08,0
2021-01-09,0
2021-01-10,0
2021-01-11,3.3858861923217773
2021-01-12,0
2021-01-13,0
2021-01-14,0
2021-01-15,0
2021-01-16,0
2021-01-17,0
2021-01-18,0
2021-01-19,0
2021-01-20,0
2021-01-21,0
2021-01-22,0
2021-01-23,0
2021-01-24,0
2021-01-25,0
2021-01-26,0
2021-01-27,0
2021-01-28,0
2021-01-29,0
2021-01-30,0
2021-01-31,0
2021-02-01,0
2021-02-02,0
2021-02-03,0
2021-02-04,0
2021-02-05,0
2021-02-06,0
2021-02-07,0
2021-02-08,0
2021-02-09,0
2021-02-10,0
2021-02-11,0
2021-02-12,0
2021-02-13,0
2021-02-14,19.75731086730957
2021-02-15,0
2021-02-16,0
2021-02-17,0
2021-02-18,0
2021-02-19,0
2021-02-20,0
2021-02-21,0
2021-02-22,0
2021-02-23,0
2021-02-24,0
2021-02-25,0
2021-02-26,0
2021-02-27,0
2021-02-28,0
2021-03-01,0
2021-03-02,0
2021-03-03,0
2021-03-04,0
2021-03-05,0
2021-03-06,0
2021-03-07,1.246807336807251
2021-03-08,1.246807336807251
2021-03-09,2.493614673614502
2021-03-10,0
2021-03-11,0
2021-03-12,0
2021-03-13,0
2021-03-14,0
2021-03-15,0
2021-03-16,0
2021-03-17,0
2021-03-18,0
2021-03-19,0
2021-03-20,0
2021-03-21,0
2021-03-22,0
2021-03-23,3.0046818256378174
2021-03-24,1.5023409128189087
2021-03-25,0
2021-03-26,0
2021-03-27,0
2021-03-28,0
2021-03-29,1.859284520149231
2021-03-30,3.718569040298462
2021-03-31,5.577853679656982
2021-04-01,3.5578863620758057
2021-04-02,7.115772724151611
2021-04-03,14.231545448303223
2021-04-04,3.5578863620758057
2021-04-05,0
2021-04-06,3.3660969734191895
2021-04-07,13.464387893676758
2021-04-08,6.732193946838379
2021-04-09,13.464387893676758
2021-04-10,3.3660969734191895
2021-04-11,2.945652723312378
2021-04-12,8.836957931518555
2021-04-13,14.728263854980469
2021-04-14,11.782610893249512
2021-04-15,5.891305446624756
2021-04-16,5.993565082550049
2021-04-17,5.993565082550049
2021-04-18,2.9967825412750244
2021-04-19,0
2021-04-20,0
2021-04-21,0
2021-04-22,0
2021-04-23,0
2021-04-24,0
2021-04-25,0
2021-04-26,0
2021-04-27,0
2021-04-28,10.022974014282227
2021-04-29,0
2021-04-30,2.5057435035705566
2021-05-01,0
2021-05-02,4.932352066040039
2021-05-03,14.797056198120117
2021-05-04,4.932352066040039
2021-05-05,4.932352066040039
2021-05-06,14.760807991027832
2021-05-07,9.84053897857666
2021-05-08,4.92026948928833
2021-05-09,14.760807991027832
2021-05-10,4.92026948928833
2021-05-11,0
2021-05-12,0
2021-05-13,0
2021-05-14,0
2021-05-15,0
2021-05-16,0
2021-05-17,14.972967147827148
2021-05-18,24.954944610595703
2021-05-19,14.972967147827148
2021-05-20,9.981977462768555
2021-05-21,18.03922462463379
2021-05-22,12.02614974975586
2021-05-23,6.01307487487793
2021-05-24,0
2021-05-25,18.03922462463379
2021-05-26,5.724626064300537
2021-05-27,0
2021-05-28,5.724626064300537
2021-05-29,5.724626064300537
2021-05-30,5.724626064300537
2021-05-31,0
2021-06-01,5.457736968994141
2021-06-02,2.7288684844970703
2021-06-03,8.186605453491211
2021-06-04,5.457736968994141
2021-06-05,10.915473937988281
2021-06-06,7.983448505401611
2021-06-07,7.983448505401611
2021-06-08,2.661149263381958
2021-06-09,5.322298526763916
2021-06-10,2.661149263381958
2021-06-11,3.1769514083862305
2021-06-12,6.353902816772461
2021-06-13,3.1769514083862305
2021-06-14,0
2021-06-15,3.1769514083862305
2021-06-16,0
2021-06-17,0
2021-06-18,0
2021-06-19,6.633127212524414
2021-06-20,0
2021-06-21,3.771986484527588
2021-06-22,3.771986484527588
2021-06-23,0
2021-06-24,3.771986484527588
2021-06-25,3.771986484527588
2021-06-26,12.366592407226562
2021-06-27,0
2021-06-28,4.94663667678833
2021-06-29,0
2021-06-30,0
2021-07-01,3.072463274002075
2021-07-02,6.14492654800415
2021-07-03,3.072463274002075
2021-07-04,9.217389106750488
2021-07-05,0
2021-07-06,0
2021-07-07,0
2021-07-08,0
2021-07-09,1.9026707410812378
2021-07-10,3.8053414821624756
2021-07-11,1.6086417436599731
2021-07-12,0
2021-07-13,0
2021-07-14,0
2021-07-15,1.6086417436599731
2021-07-16,1.0365747213363647
2021-07-17,0
2021-07-18,0
2021-07-19,0
2021-07-20,0
2021-07-21,0
2021-07-22,0
2021-07-23,0
2021-07-24,2.104480743408203
2021-07-25,10.522403717041016
2021-07-26,2.3246607780456543
2021-07-27,4.649321556091309
2021-07-28,2.3246607780456543
2021-07-29,2.3246607780456543
2021-07-30,4.649321556091309
2021-07-31,2.3246607780456543
2021-08-01,0
2021-08-02,14.431769371032715
2021-08-03,9.62117862701416
2021-08-04,0
2021-08-05,0
2021-08-06,5.5381059646606445
2021-08-07,5.5381059646606445
2021-08-08,0
2021-08-09,0
2021-08-10,0
2021-08-11,4.87592887878418
2021-08-12,4.87592887878418
2021-08-13,0
2021-08-14,4.87592887878418
2021-08-15,9.75185775756836
2021-08-16,9.105189323425293
2021-08-17,3.0350632667541504
2021-08-18,6.070126533508301
2021-08-19,3.0350632667541504
2021-08-20,3.0350632667541504
2021-08-21,6.560863971710205
2021-08-22,6.560863971710205
2021-08-23,9.84129524230957
2021-08-24,6.560863971710205
2021-08-25,6.560863971710205
2021-08-26,9.102574348449707
2021-08-27,9.102574348449707
2021-08-28,0
2021-08-29,0
2021-08-30,13.653861999511719
2021-08-31,0
2021-09-01,0
2021-09-02,0
2021-09-03,0
2021-09-04,0
2021-09-05,10.550565719604492
2021-09-06,2.8408608436584473
2021-09-07,14.204304695129395
2021-09-08,2.8408608436584473
2021-09-09,0
2021-09-10,0
2021-09-11,3.3495097160339355
2021-09-12,3.3495097160339355
2021-09-13,0
2021-09-14,6.699019432067871
2021-09-15,3.3495097160339355
2021-09-16,0
2021-09-17,0
2021-09-18,0
2021-09-19,5.823245525360107
2021-09-20,11.646491050720215
2021-09-21,2.522643566131592
2021-09-22,0
2021-09-23,2.522643566131592
2021-09-24,5.045287132263184
2021-09-25,7.567930698394775
2021-09-26,3.3541030883789062
2021-09-27,0
2021-09-28,3.3541030883789062
2021-09-29,10.062310218811035
2021-09-30,0
2021-10-01,17.5533390045166
2021-10-02,17.5533390045166
2021-10-03,0
2021-10-04,17.5533390045166
2021-10-05,35.1066780090332
2021-10-06,29.256942749023438
2021-10-07,0
2021-10-08,7.314235687255859
2021-10-09,7.314235687255859
2021-10-10,7.314235687255859
2021-10-11,11.333227157592773
2021-10-12,5.666613578796387
2021-10-13,11.333227157592773
2021-10-14,0
2021-10-15,0
2021-10-16,17.866254806518555
2021-10-17,0
2021-10-18,0
2021-10-19,0
2021-10-20,0
2021-10-21,5.042889595031738
2021-10-22,5.042889595031738
2021-10-23,10.085779190063477
2021-10-24,0
2021-10-25,5.042889595031738
2021-10-26,0
2021-10-27,5.364534378051758
2021-10-28,16.093603134155273
2021-10-29,16.093603134155273
2021-10-30,5.364534378051758
2021-10-31,0
2021-11-01,0
2021-11-02,0
2021-11-03,0
2021-11-04,11.240777015686035
2021-11-05,0
2021-11-06,0
2021-11-07,0
2021-11-08,0
2021-11-09,7.901854038238525
2021-11-10,0
2021-11-11,0
2021-11-12,0
2021-11-13,0
2021-11-14,0
2021-11-15,0
2021-11-16,0
2021-11-17,0
2021-11-18,0
2021-11-19,0
2021-11-20,0
2021-11-21,0
2021-11-22,0
2021-11-23,13.574467658996582
2021-11-24,22.624113082885742
2021-11-25,9.04964542388916
2021-11-26,21.5712833404541
2021-11-27,10.78564167022705
2021-11-28,10.78564167022705
2021-11-29,0
2021-11-30,0
2021-12-01,0
2021-12-02,0
2021-12-03,0
2021-12-04,0
2021-12-05,8.226418495178223
2021-12-06,0
2021-12-07,0
2021-12-08,0
2021-12-09,0
2021-12-10,0
2021-12-11,0
2021-12-12,0
2021-12-13,0
2021-12-14,0
2021-12-15,0
2021-12-16,0
2021-12-17,0
2021-12-18,0
2021-12-19,0
2021-12-20,0
2021-12-21,0
2021-12-22,4.2572808265686035
2021-12-23,0
2021-12-24,0
2021-12-25,0
2021-12-26,0
2021-12-27,0
2021-12-28,0
2021-12-29,0
2021-12-30,0
2021-12-31,0
2022-01-01,0
2022-01-02,0
2022-01-03,0
2022-01-04,0
2022-01-05,0
2022-01-06,0
2022-01-07,0
2022-01-08,0
2022-01-09,0
2022-01-10,0
2022-01-11,8.585653305053711
2022-01-12,0
2022-01-13,0
2022-01-14,0
2022-01-15,0
2022-01-16,0
2022-01-17,0
2022-01-18,0
2022-01-19,0
2022-01-20,0
2022-01-21,0
2022-01-22,0
2022-01-23,0
2022-01-24,0
2022-01-25,0
2022-01-26,0
2022-01-27,0
2022-01-28,0
2022-01-29,0
2022-01-30,0
2022-01-31,0
2022-02-01,0
2022-02-02,0
2022-02-03,0
2022-02-04,0
2022-02-05,0
2022-02-06,0
2022-02-07,0
2022-02-08,13.481904983520508
2022-02-09,0
2022-02-10,0
2022-02-11,0
2022-02-12,0
2022-02-13,0
2022-02-14,0
2022-02-15,0
2022-02-16,0
2022-02-17,0
2022-02-18,0
2022-02-19,0
2022-02-20,0
2022-02-21,0
2022-02-22,0
2022-02-23,0
2022-02-24,0
2022-02-25,0
2022-02-26,0
2022-02-27,0
2022-02-28,8.144021987915039
2022-03-01,3.713697671890259
2022-03-02,3.713697671890259
2022-03-03,3.713697671890259
2022-03-04,3.713697671890259
2022-03-05,1.8568488359451294
2022-03-06,0
2022-03-07,3.051290273666382
2022-03-08,0
2022-03-09,0
2022-03-10,3.051290273666382
2022-03-11,2.7611961364746094
2022-03-12,0
2022-03-13,5.522392272949219
2022-03-14,0
2022-03-15,0
2022-03-16,0
2022-03-17,0
2022-03-18,0
2022-03-19,0
2022-03-20,2.662224769592285
2022-03-21,0
2022-03-22,0
2022-03-23,0
2022-03-24,0
2022-03-25,0
2022-03-26,0
2022-03-27,8.049654006958008
2022-03-28,8.049654006958008
2022-03-29,0
2022-03-30,0
2022-03-31,0
2022-04-01,2.788142681121826
2022-04-02,5.576285362243652
2022-04-03,2.788142681121826
2022-04-04,8.36442756652832
2022-04-05,11.152570724487305
2022-04-06,8.179875373840332
2022-04-07,0
2022-04-08,8.179875373840332
2022-04-09,0
2022-04-10,0
2022-04-11,0
2022-04-12,0
2022-04-13,0
2022-04-14,2.2135496139526367
2022-04-15,0
2022-04-16,11.063065528869629
2022-04-17,22.126131057739258
2022-04-18,11.063065528869629
2022-04-19,11.063065528869629
2022-04-20,0
2022-04-21,0
2022-04-22,18.703208923339844
2022-04-23,9.351604461669922
2022-04-24,9.351604461669922
2022-04-25,18.703208923339844
2022-04-26,3.6313295364379883
2022-04-27,7.262659072875977
2022-04-28,10.893988609313965
2022-04-29,7.262659072875977
2022-04-30,3.6313295364379883
2022-05-01,21.340906143188477
2022-05-02,0
2022-05-03,3.5568177700042725
2022-05-04,3.5568177700042725
2022-05-05,3.5568177700042725
2022-05-06,27.209672927856445
2022-05-07,5.441934108734131
2022-05-08,10.883868217468262
2022-05-09,21.767736434936523
2022-05-10,5.441934108734131
2022-05-11,7.277937889099121
2022-05-12,14.555875778198242
2022-05-13,7.277937889099121
2022-05-14,14.555875778198242
2022-05-15,0
2022-05-16,7.569281578063965
2022-05-17,7.569281578063965
2022-05-18,3.7846407890319824
2022-05-19,11.353921890258789
2022-05-20,3.7846407890319824
2022-05-21,0
2022-05-22,0
2022-05-23,0
2022-05-24,0
2022-05-25,13.490306854248047
2022-05-26,6.191961288452148
2022-05-27,6.191961288452148
2022-05-28,0
2022-05-29,0
2022-05-30,0
2022-05-31,0
2022-06-01,0
2022-06-02,0
2022-06-03,7.007445335388184
2022-06-04,28.029781341552734
2022-06-05,0
2022-06-06,0
2022-06-07,7.565097332000732
2022-06-08,7.565097332000732
2022-06-09,15.130194664001465
2022-06-10,15.130194664001465
2022-06-11,4.422632217407227
2022-06-12,13.267895698547363
2022-06-13,8.845264434814453
2022-06-14,8.845264434814453
2022-06-15,13.267895698547363
2022-06-16,20.975549697875977
2022-06-17,13.253591537475586
2022-06-18,7.228548526763916
2022-06-19,18.75948715209961
2022-06-20,11.382311820983887
2022-06-21,0
2022-06-22,0
2022-06-23,0
2022-06-24,24.880577087402344
2022-06-25,16.587051391601562
2022-06-26,13.485095977783203
2022-06-27,13.485095977783203
2022-06-28,13.485095977783203
2022-06-29,0
2022-06-30,0
2022-07-01,7.891042232513428
2022-07-02,0
2022-07-03,3.945521116256714
2022-07-04,7.891042232513428
2022-07-05,0
2022-07-06,1.2232091426849365
2022-07-07,2.446418285369873
2022-07-08,2.446418285369873
2022-07-09,0
2022-07-10,0
2022-07-11,0
2022-07-12,0
2022-07-13,0
2022-07-14,0
2022-07-15,0
2022-07-16,0
2022-07-17,0
2022-07-18,2.2746212482452393
2022-07-19,9.098484992980957
2022-07-20,2.2746212482452393
2022-07-21,0
2022-07-22,10.839919090270996
2022-07-23,0
2022-07-24,0
2022-07-25,0
2022-07-26,15.793543815612793
2022-07-27,5.264514446258545
2022-07-28,5.264514446258545
2022-07-29,10.52902889251709
2022-07-30,0
2022-07-31,0
2022-08-01,0
2022-08-02,0
2022-08-03,12.995702743530273
2022-08-04,0
2022-08-05,0
2022-08-06,0
2022-08-07,14.105033874511719
2022-08-08,0
2022-08-09,0
2022-08-10,0
2022-08-11,12.009812355041504
2022-08-12,4.003271102905273
2022-08-13,8.006542205810547
2022-08-14,20.016355514526367
2022-08-15,8.006542205810547
2022-08-16,8.98753833770752
2022-08-17,0
2022-08-18,0
2022-08-19,0
2022-08-20,5.991692543029785
2022-08-21,17.823789596557617
2022-08-22,17.823789596557617
2022-08-23,5.941263198852539
2022-08-24,5.941263198852539
2022-08-25,23.765052795410156
2022-08-26,21.603750228881836
2022-08-27,0
2022-08-28,14.402501106262207
2022-08-29,28.805002212524414
2022-08-30,7.2012505531311035
2022-08-31,0
2022-09-01,3.3697023391723633
2022-09-02,3.3697023391723633
2022-09-03,0
2022-09-04,6.739404678344727
2022-09-05,3.3697023391723633
2022-09-06,0
2022-09-07,16.731731414794922
2022-09-08,16.731731414794922
2022-09-09,16.731731414794922
2022-09-10,0
2022-09-11,14.426705360412598
2022-09-12,21.640058517456055
2022-09-13,7.213352680206299
2022-09-14,7.213352680206299
2022-09-15,14.426705360412598
2022-09-16,5.04162073135376
2022-09-17,15.124860763549805
2022-09-18,0
2022-09-19,15.124860763549805
2022-09-20,0
2022-09-21,0
2022-09-22,29.86126708984375
2022-09-23,7.4653167724609375
2022-09-24,0
2022-09-25,29.86126708984375
2022-09-26,7.14076042175293
2022-09-27,6.588970184326172
2022-09-28,11.691133499145508
2022-09-29,8.800865173339844
2022-09-30,8.186427116394043
2022-10-01,0
2022-10-02,0
2022-10-03,0
2022-10-04,0
2022-10-05,55.7022590637207
2022-10-06,7.364480018615723
2022-10-07,22.09343910217285
2022-10-08,0
2022-10-09,0
2022-10-10,7.364480018615723
2022-10-11,9.186939239501953
2022-10-12,27.560819625854492
2022-10-13,27.560819625854492
2022-10-14,9.186939239501953
2022-10-15,9.186939239501953
2022-10-16,23.056838989257812
2022-10-17,23.056838989257812
2022-10-18,0
2022-10-19,23.056838989257812
2022-10-20,23.056838989257812
2022-10-21,38.13252258300781
2022-10-22,12.71084213256836
2022-10-23,25.42168426513672
2022-10-24,12.71084213256836
2022-10-25,12.71084213256836
2022-10-26,84.16165161132812
2022-10-27,0
2022-10-28,0
2022-10-29,0
2022-10-30,0
2022-10-31,0
2022-11-01,10.07525634765625
2022-11-02,10.07525634765625
2022-11-03,10.07525634765625
2022-11-04,20.1505126953125
2022-11-05,30.225770950317383
2022-11-06,17.831037521362305
2022-11-07,11.887357711791992
2022-11-08,5.943678855895996
2022-11-09,11.887357711791992
2022-11-10,5.943678855895996
2022-11-11,4.4757184982299805
2022-11-12,17.902873992919922
2022-11-13,13.427156448364258
2022-11-14,4.4757184982299805
2022-11-15,4.4757184982299805
2022-11-16,0
2022-11-17,0
2022-11-18,0
2022-11-19,28.482666015625
2022-11-20,0
2022-11-21,0
2022-11-22,0
2022-11-23,0
2022-11-24,0
2022-11-25,13.58203125
2022-11-26,0
2022-11-27,0
2022-11-28,0
2022-11-29,0
2022-11-30,0
2022-12-01,0
2022-12-02,0
2022-12-03,0
2022-12-04,0
2022-12-05,0
2022-12-06,0
2022-12-07,0
2022-12-08,0
2022-12-09,0
2022-12-10,4.414073944091797
2022-12-11,0
2022-12-12,0
2022-12-13,0
2022-12-14,3.7773563861846924
2022-12-15,0
2022-12-16,0
2022-12-17,0
2022-12-18,0
2022-12-19,0
2022-12-20,0
2022-12-21,0
2022-12-22,0
2022-12-23,0
2022-12-24,0
2022-12-25,0
2022-12-26,0
2022-12-27,0
2022-12-28,0
2022-12-29,0
2022-12-30,0
2022-12-31,0
2023-01-01,0
2023-01-02,0
2023-01-03,0
2023-01-04,0
2023-01-05,0
2023-01-06,0
2023-01-07,0
2023-01-08,0
2023-01-09,0
2023-01-10,8.906951904296875
2023-01-11,4.547340393066406
2023-01-12,0
2023-01-13,0
2023-01-14,0
2023-01-15,0
2023-01-16,0
2023-01-17,0
2023-01-18,0
2023-01-19,0
2023-01-20,0
2023-01-21,0
2023-01-22,0
2023-01-23,0
2023-01-24,0
2023-01-25,0
2023-01-26,0
2023-01-27,0
2023-01-28,0
2023-01-29,0
2023-01-30,0
2023-01-31,0
2023-02-01,0
2023-02-02,0
2023-02-03,0
2023-02-04,0
2023-02-05,3.184159278869629
2023-02-06,0
2023-02-07,0
2023-02-08,0
2023-02-09,0
2023-02-10,0
2023-02-11,0
2023-02-12,0
2023-02-13,0
2023-02-14,0
2023-02-15,0
2023-02-16,3.937758684158325
2023-02-17,0
2023-02-18,0
2023-02-19,0
2023-02-20,0
2023-02-21,0
2023-02-22,0
2023-02-23,0
2023-02-24,0
2023-02-25,0
2023-02-26,0
2023-02-27,0
2023-02-28,0
2023-03-01,0
2023-03-02,0
2023-03-03,0
2023-03-04,0
2023-03-05,0
2023-03-06,0
2023-03-07,2.218256950378418
2023-03-08,2.218256950378418
2023-03-09,0
2023-03-10,0
2023-03-11,0
2023-03-12,0
2023-03-13,8.989131927490234
2023-03-14,8.989131927490234
2023-03-15,8.989131927490234
2023-03-16,3.121262788772583
2023-03-17,0
2023-03-18,0
2023-03-19,0
2023-03-20,0
2023-03-21,0
2023-03-22,0
2023-03-23,0
2023-03-24,0
2023-03-25,0
2023-03-26,0
2023-03-27,0
2023-03-28,2.651352882385254
2023-03-29,0
2023-03-30,0
2023-03-31,0
2023-04-01,0
2023-04-02,0
2023-04-03,0
2023-04-04,0
2023-04-05,0
2023-04-06,0
2023-04-07,0
2023-04-08,17.30837059020996
2023-04-09,0
2023-04-10,17.30837059020996
2023-04-11,8.56674575805664
2023-04-12,8.56674575805664
2023-04-13,0
2023-04-14,4.28337287902832
2023-04-15,0
2023-04-16,8.676043510437012
2023-04-17,17.352087020874023
2023-04-18,8.676043510437012
2023-04-19,0
2023-04-20,8.676043510437012
2023-04-21,0
2023-04-22,14.838815689086914
2023-04-23,0
2023-04-24,0
2023-04-25,0
2023-04-26,0
2023-04-27,0
2023-04-28,18.291133880615234
2023-04-29,0
2023-04-30,18.291133880615234
2023-05-01,4.067677021026611
2023-05-02,2.0338385105133057
2023-05-03,0
2023-05-04,0
2023-05-05,0
2023-05-06,0
2023-05-07,0
2023-05-08,0
2023-05-09,4.328293800354004
2023-05-10,25.969764709472656
2023-05-11,9.541982650756836
2023-05-12,0
2023-05-13,0
2023-05-14,4.770991325378418
2023-05-15,19.083965301513672
2023-05-16,14.336270332336426
2023-05-17,14.336270332336426
2023-05-18,0
2023-05-19,14.336270332336426
2023-05-20,14.336270332336426
2023-05-21,29.182832717895508
2023-05-22,14.591416358947754
2023-05-23,0
2023-05-24,14.591416358947754
2023-05-25,43.77424621582031
2023-05-26,7.7591938972473145
2023-05-27,15.518387794494629
2023-05-28,23.277578353881836
2023-05-29,0
2023-05-30,15.518387794494629
2023-05-31,23.277578353881836
2023-06-01,3.069448709487915
2023-06-02,3.069448709487915
2023-06-03,1.5347243547439575
2023-06-04,4.60417366027832
2023-06-05,3.069448709487915
2023-06-06,0
2023-06-07,0
2023-06-08,18.194433212280273
2023-06-09,9.097216606140137
2023-06-10,9.097216606140137
2023-06-11,12.040246963500977
2023-06-12,0
2023-06-13,6.020123481750488
2023-06-14,6.020123481750488
2023-06-15,6.020123481750488
2023-06-16,4.331883430480957
2023-06-17,4.331883430480957
2023-06-18,2.1659417152404785
2023-06-19,0
2023-06-20,0
2023-06-21,0
2023-06-22,0
2023-06-23,0
2023-06-24,0
2023-06-25,0
2023-06-26,5.685693740844727
2023-06-27,5.685693740844727
2023-06-28,0
2023-06-29,8.52854061126709
2023-06-30,2.8428468704223633
2023-07-01,0
2023-07-02,15.257012367248535
2023-07-03,7.628506183624268
2023-07-04,0
2023-07-05,0
2023-07-06,3.958198070526123
2023-07-07,0
2023-07-08,1.9790990352630615
2023-07-09,3.958198070526123
2023-07-10,0
2023-07-11,0
2023-07-12,15.98956298828125
2023-07-13,0
2023-07-14,0
2023-07-15,10.659708976745605
2023-07-16,1.6162132024765015
2023-07-17,1.6162132024765015
2023-07-18,1.6162132024765015
2023-07-19,0
2023-07-20,0
2023-07-21,2.7280142307281494
2023-07-22,2.7280142307281494
2023-07-23,5.456028461456299
2023-07-24,0
2023-07-25,2.7280142307281494
2023-07-26,7.36240291595459
2023-07-27,22.087209701538086
2023-07-28,14.72480583190918
2023-07-29,0
2023-07-30,7.36240291595459
2023-07-31,7.36240291595459
2023-08-01,3.7773704528808594
2023-08-02,0
2023-08-03,0
2023-08-04,0
2023-08-05,0
2023-08-06,0
2023-08-07,3.991183280944824
2023-08-08,3.991183280944824
2023-08-09,3.991183280944824
2023-08-10,19.955917358398438
2023-08-11,0
2023-08-12,3.4263453483581543
2023-08-13,3.4263453483581543
2023-08-14,10.279036521911621
2023-08-15,3.4263453483581543
2023-08-16,0
2023-08-17,2.3035991191864014
2023-08-18,4.607198238372803
2023-08-19,6.910797595977783
2023-08-20,2.3035991191864014
2023-08-21,11.148426055908203
2023-08-22,11.148426055908203
2023-08-23,11.148426055908203
2023-08-24,5.574213027954102
2023-08-25,11.148426055908203
2023-08-26,3.7984366416931152
2023-08-27,7.5968732833862305
2023-08-28,0
2023-08-29,0
2023-08-30,7.5968732833862305
2023-08-31,7.5968732833862305
2023-09-01,9.043122291564941
2023-09-02,9.043122291564941
2023-09-03,18.086244583129883
2023-09-04,0
2023-09-05,0
2023-09-06,0
2023-09-07,11.888992309570312
2023-09-08,5.944496154785156
2023-09-09,11.888992309570312
2023-09-10,11.888992309570312
2023-09-11,7.550822734832764
2023-09-12,15.101645469665527
2023-09-13,0
2023-09-14,7.550822734832764
2023-09-15,7.550822734832764
2023-09-16,7.964285373687744
2023-09-17,15.928570747375488
2023-09-18,3.982142686843872
2023-09-19,3.982142686843872
2023-09-20,0
2023-09-21,0
2023-09-22,4.287602424621582
2023-09-23,8.575204849243164
2023-09-24,21.438013076782227
2023-09-25,0
2023-09-26,8.102632522583008
2023-09-27,0
2023-09-28,0
2023-09-29,16.205265045166016
2023-09-30,8.102632522583008
2023-10-01,6.130077838897705
2023-10-02,12.26015567779541
2023-10-03,18.390233993530273
2023-10-04,12.26015567779541
2023-10-05,12.26015567779541
2023-10-06,8.715289115905762
2023-10-07,8.715289115905762
2023-10-08,4.357644557952881
2023-10-09,8.715289115905762
2023-10-10,4.357644557952881
2023-10-11,6.742748260498047
2023-10-12,0
2023-10-13,13.485496520996094
2023-10-14,6.742748260498047
2023-10-15,0
2023-10-16,7.423032760620117
2023-10-17,3.7115163803100586
2023-10-18,3.7115163803100586
2023-10-19,3.7115163803100586
2023-10-20,11.134549140930176
2023-10-21,7.326164722442627
2023-10-22,14.652329444885254
2023-10-23,7.326164722442627
2023-10-24,21.97849464416504
2023-10-25,21.97849464416504
2023-10-26,7.071203708648682
2023-10-27,7.071203708648682
2023-10-28,0
2023-10-29,21.213611602783203
2023-10-30,0
2023-10-31,14.142407417297363
2023-11-01,29.99916648864746
2023-11-02,29.99916648864746
2023-11-03,9.999722480773926
2023-11-04,0
2023-11-05,29.99916648864746
2023-11-06,16.072561264038086
2023-11-07,16.072561264038086
2023-11-08,0
2023-11-09,16.072561264038086
2023-11-10,16.072561264038086
2023-11-11,0
2023-11-12,8.82800006866455
2023-11-13,0
2023-11-14,8.82800006866455
2023-11-15,8.82800006866455
2023-11-16,9.981810569763184
2023-11-17,0
2023-11-18,9.981810569763184
2023-11-19,9.981810569763184
2023-11-20,9.981810569763184
2023-11-21,0
2023-11-22,0
2023-11-23,0
2023-11-24,0
2023-11-25,0
2023-11-26,0
2023-11-27,0
2023-11-28,0
2023-11-29,0
2023-11-30,0
2023-12-01,0
2023-12-02,0
2023-12-03,0
2023-12-04,0
2023-12-05,0
2023-12-06,0
2023-12-07,0
2023-12-08,0
2023-12-09,0
2023-12-10,0
2023-12-11,0
2023-12-12,0
2023-12-13,0
2023-12-14,0
2023-12-15,0
2023-12-16,0
2023-12-17,0
2023-12-18,0
2023-12-19,0
2023-12-20,0
2023-12-21,0
2023-12-22,0
2023-12-23,0
2023-12-24,0
2023-12-25,0
2023-12-26,7.29600715637207
2023-12-27,7.8150835037231445
2023-12-28,0
2023-12-29,5.775012016296387
2023-12-30,8.099888801574707
2023-12-31,0
2024-01-01,0
2024-01-02,0
2024-01-03,0
2024-01-04,0
2024-01-05,0
2024-01-06,0
2024-01-07,0
2024-01-08,0
2024-01-09,0
2024-01-10,0
2024-01-11,0
2024-01-12,0
2024-01-13,0
2024-01-14,0
2024-01-15,0
2024-01-16,0
2024-01-17,0
2024-01-18,0
2024-01-19,0
2024-01-20,0
2024-01-21,2.093982458114624
2024-01-22,0
2024-01-23,0
2024-01-24,0
2024-01-25,0
2024-01-26,0
2024-01-27,0
2024-01-28,0
2024-01-29,0
2024-01-30,0
2024-01-31,3.1337392330169678
2024-02-01,0
2024-02-02,13.474231719970703
2024-02-03,0
2024-02-04,13.474231719970703
2024-02-05,0
2024-02-06,22.55887222290039
2024-02-07,0
2024-02-08,0
2024-02-09,0
2024-02-10,0
2024-02-11,0
2024-02-12,0
2024-02-13,0
2024-02-14,0
2024-02-15,0
2024-02-16,0
2024-02-17,0
2024-02-18,0
2024-02-19,0
2024-02-20,0
2024-02-21,0
2024-02-22,0
2024-02-23,0
2024-02-24,0
2024-02-25,0
2024-02-26,0
2024-02-27,0
2024-02-28,0
2024-02-29,0
2024-03-01,0
2024-03-02,0
2024-03-03,0
2024-03-04,0
2024-03-05,0
2024-03-06,0
2024-03-07,0
2024-03-08,0
2024-03-09,2.7282752990722656
2024-03-10,2.7282752990722656
2024-03-11,0.7249789237976074
2024-03-12,0.7249789237976074
2024-03-13,0
2024-03-14,0
2024-03-15,0
2024-03-16,0
2024-03-17,0
2024-03-18,4.7773566246032715
2024-03-19,0
2024-03-20,0
2024-03-21,1.6182948350906372
2024-03-22,0
2024-03-23,0
2024-03-24,1.6182948350906372
2024-03-25,0
2024-03-26,0
2024-03-27,0
2024-03-28,0
2024-03-29,0
2024-03-30,0
2024-03-31,0
2024-04-01,0
2024-04-02,0
2024-04-03,0
2024-04-04,6.431634426116943
2024-04-05,0
2024-04-06,0
2024-04-07,0
2024-04-08,2.2140345573425293
2024-04-09,2.2140345573425293
2024-04-10,0
2024-04-11,0.04290923848748207
2024-04-12,0.013689592480659485
2024-04-13,0.14370036125183105
2024-04-14,0.5600565671920776
2024-04-15,0.599494457244873
2024-04-16,0
2024-04-17,2.2641124725341797
2024-04-18,0
2024-04-19,6.792337894439697
2024-04-20,6.792337894439697
2024-04-21,11.623891830444336
2024-04-22,8.44876766204834
2024-04-23,13.284449577331543
2024-04-24,0
2024-04-25,0
2024-04-26,6.431337356567383
2024-04-27,6.431337356567383
2024-04-28,9.647006034851074
2024-04-29,0
2024-04-30,3.2156686782836914
2024-05-01,0
2024-05-02,23.591720581054688
2024-05-03,35.3875846862793
2024-05-04,23.591720581054688
2024-05-05,11.795860290527344
2024-05-06,22.61681365966797
2024-05-07,22.61681365966797
2024-05-08,11.308406829833984
2024-05-09,22.61681365966797
2024-05-10,22.61681365966797
2024-05-11,0
2024-05-12,0
2024-05-13,0
2024-05-14,0
2024-05-15,0
2024-05-16,7.086498737335205
2024-05-17,9.482478141784668
2024-05-18,11.041647911071777
2024-05-19,7.142852783203125
2024-05-20,14.282352447509766
2024-05-21,39.595523834228516
2024-05-22,0
2024-05-23,7.91910457611084
2024-05-24,7.91910457611084
2024-05-25,23.757312774658203
2024-05-26,3.1495323181152344
2024-05-27,15.747661590576172
2024-05-28,9.448596000671387
2024-05-29,0
2024-05-30,0
2024-05-31,3.1495323181152344
2024-06-01,4.653506755828857
2024-06-02,9.307013511657715
2024-06-03,23.267534255981445
2024-06-04,13.960519790649414
2024-06-05,0
2024-06-06,9.702605247497559
2024-06-07,9.702605247497559
2024-06-08,4.851302623748779
2024-06-09,0
2024-06-10,9.702605247497559
2024-06-11,23.754899978637695
2024-06-12,25.995746612548828
2024-06-13,7.2666215896606445
2024-06-14,3.6804287433624268
2024-06-15,16.540475845336914
2024-06-16,3.2287917137145996
2024-06-17,0
2024-06-18,3.2287917137145996
2024-06-19,6.457583427429199
2024-06-20,9.686375617980957
2024-06-21,0
2024-06-22,4.3025593757629395
2024-06-23,0
2024-06-24,4.3025593757629395
2024-06-25,21.512798309326172
2024-06-26,4.422541618347168
2024-06-27,3.316905975341797
2024-06-28,0
2024-06-29,0
2024-06-30,0
2024-07-01,7.237264633178711
2024-07-02,0
2024-07-03,14.474529266357422
2024-07-04,7.237264633178711
2024-07-05,14.474529266357422
2024-07-06,1.3666391372680664
2024-07-07,1.3666391372680664
2024-07-08,1.3666391372680664
2024-07-09,0
2024-07-10,0
2024-07-11,1.4852700233459473
2024-07-12,0
2024-07-13,1.4852700233459473
2024-07-14,1.4852700233459473
2024-07-15,0
2024-07-16,0
2024-07-17,4.742156982421875
2024-07-18,18.9686279296875
2024-07-19,4.742156982421875
2024-07-20,4.742156982421875
2024-07-21,0
2024-07-22,0
2024-07-23,3.2441556453704834
2024-07-24,6.488311290740967
2024-07-25,6.488311290740967
2024-07-26,2.1496739387512207
2024-07-27,0
2024-07-28,2.1496739387512207
2024-07-29,0
2024-07-30,2.1496739387512207
2024-07-31,2.1496739387512207
2024-08-01,7.268590450286865
2024-08-02,0
2024-08-03,7.268590450286865
2024-08-04,14.53718090057373
2024-08-05,7.268590450286865
2024-08-06,4.457785129547119
2024-08-07,4.457785129547119
2024-08-08,2.2288925647735596
2024-08-09,6.686677932739258
2024-08-10,0
2024-08-11,1.9964357614517212
2024-08-12,1.9964357614517212
2024-08-13,0
2024-08-14,3.9928715229034424
2024-08-15,0
2024-08-16,9.925971031188965
2024-08-17,9.925971031188965
2024-08-18,4.962985515594482
2024-08-19,4.962985515594482
2024-08-20,4.962985515594482
2024-08-21,4.046197891235352
2024-08-22,4.8083977699279785
2024-08-23,4.080660343170166
2024-08-24,7.168675899505615
2024-08-25,7.574112415313721
2024-08-26,3.1846673488616943
2024-08-27,2.8444745540618896
2024-08-28,2.0988681316375732
2024-08-29,3.757068395614624
2024-08-30,3.422818183898926
2024-08-31,6.317438125610352
2024-09-01,4.088721752166748
2024-09-02,8.177443504333496
2024-09-03,16.354887008666992
2024-09-04,4.088721752166748
2024-09-05,16.354887008666992
2024-09-06,4.457019805908203
2024-09-07,6.685529708862305
2024-09-08,2.2285099029541016
2024-09-09,4.457019805908203
2024-09-10,6.685529708862305
2024-09-11,3.3494009971618652
2024-09-12,4.19926643371582
2024-09-13,4.653451919555664
2024-09-14,1.9366220235824585
2024-09-15,0.7182695269584656
2024-09-16,12.021780967712402
2024-09-17,30.054454803466797
2024-09-18,0
2024-09-19,0
2024-09-20,12.021780967712402
2024-09-21,9.373152732849121
2024-09-22,7.029865264892578
2024-09-23,0
2024-09-24,4.6865763664245605
2024-09-25,2.3432881832122803
2024-09-26,2.37906551361084
2024-09-27,3.568598508834839
2024-09-28,1.18953275680542
2024-09-29,5.9476637840271
2024-09-30,2.37906551361084
2024-10-01,9.622096061706543
2024-10-02,13.153846740722656
2024-10-03,12.933746337890625
2024-10-04,20.89469337463379
2024-10-05,9.630563735961914
2024-10-06,50.31083679199219
2024-10-07,25.155418395996094
2024-10-08,0
2024-10-09,25.155418395996094
2024-10-10,0
2024-10-11,36.04780197143555
2024-10-12,0
2024-10-13,12.0159330368042
2024-10-14,36.04780197143555
2024-10-15,24.0318660736084
2024-10-16,8.241193771362305
2024-10-17,8.241193771362305
2024-10-18,8.241193771362305
2024-10-19,0
2024-10-20,24.72357940673828
2024-10-21,12.493584632873535
2024-10-22,12.493584632873535
2024-10-23,0
2024-10-24,24.98716926574707
2024-10-25,12.493584632873535
2024-10-26,0
2024-10-27,0
2024-10-28,0
2024-10-29,10.300899505615234
2024-10-30,10.300899505615234
2024-10-31,0
2024-11-01,22.923463821411133
2024-11-02,0
2024-11-03,0
2024-11-04,11.461731910705566
2024-11-05,11.461731910705566
2024-11-06,30.45582389831543
2024-11-07,15.227911949157715
2024-11-08,30.45582389831543
2024-11-09,15.227911949157715
2024-11-10,15.227911949157715
2024-11-11,0
2024-11-12,31.163196563720703
2024-11-13,15.581598281860352
2024-11-14,0
2024-11-15,0
2024-11-16,15.616456985473633
2024-11-17,7.808228492736816
2024-11-18,0
2024-11-19,0
2024-11-20,7.808228492736816
2024-11-21,0
2024-11-22,68.96308898925781
2024-11-23,0
2024-11-24,0
2024-11-25,0
2024-11-26,16.933385848999023
2024-11-27,8.466692924499512
2024-11-28,0
2024-11-29,8.466692924499512
2024-11-30,8.466692924499512
2024-12-01,0
2024-12-02,0
2024-12-03,0
2024-12-04,0
2024-12-05,0
2024-12-06,0
2024-12-07,0
2024-12-08,0
2024-12-09,0
2024-12-10,0
2024-12-11,0
2024-12-12,0
2024-12-13,0
2024-12-14,0
2024-12-15,0
2024-12-16,0
2024-12-17,0
2024-12-18,0
2024-12-19,0
2024-12-20,3.7879114151000977
2024-12-21,4.266131401062012
2024-12-22,4.266131401062012
2024-12-23,4.266131401062012
2024-12-24,0
2024-12-25,2.133065700531006
2024-12-26,0
2024-12-27,0
2024-12-28,8.670340538024902
2024-12-29,4.335170269012451
2024-12-30,4.335170269012451
2024-12-31,0
2025-01-01,0
2025-01-02,2.630286693572998
2025-01-03,0
2025-01-04,2.630286693572998
2025-01-05,5.260573387145996
2025-01-06,0
2025-01-07,0
2025-01-08,0
2025-01-09,0
2025-01-10,0
2025-01-11,0
2025-01-12,0
2025-01-13,0
2025-01-14,0
2025-01-15,0
2025-01-16,0
2025-01-17,0
2025-01-18,0
2025-01-19,0
2025-01-20,0
2025-01-21,0.3693864345550537
2025-01-22,0.1266031414270401
2025-01-23,0.18836292624473572
2025-01-24,0.13118712604045868
2025-01-25,0.49861860275268555
2025-01-26,0
2025-01-27,0
2025-01-28,0
2025-01-29,0
2025-01-30,0
2025-01-31,0
2025-02-01,0
2025-02-02,0
2025-02-03,0
2025-02-04,0
2025-02-05,0
2025-02-06,0.71700519323349
2025-02-07,0.838720440864563
2025-02-08,0.8085275292396545
2025-02-09,6.2451629638671875
2025-02-10,3.776313543319702
2025-02-11,0
2025-02-12,0
2025-02-13,0
2025-02-14,0
2025-02-15,0
2025-02-16,0
2025-02-17,0
2025-02-18,0
2025-02-19,0
2025-02-20,0
2025-02-21,0
2025-02-22,0
2025-02-23,0
2025-02-24,0
2025-02-25,0
2025-02-26,20.5629825592041
2025-02-27,10.872417449951172
2025-02-28,3.509636640548706
2025-03-01,0
2025-03-02,0
2025-03-03,0
2025-03-04,0
2025-03-05,0
2025-03-06,0
2025-03-07,0
2025-03-08,0
2025-03-09,0
2025-03-10,0
2025-03-11,0
2025-03-12,0
2025-03-13,0
2025-03-14,0
2025-03-15,0
2025-03-16,0
2025-03-17,0.7349464297294617
2025-03-18,0.7349464297294617
2025-03-19,0
2025-03-20,0
2025-03-21,0.7560197114944458
2025-03-22,0.7560197114944458
2025-03-23,0
2025-03-24,0
2025-03-25,0
2025-03-26,3.2776026725769043
2025-03-27,3.2776026725769043
2025-03-28,0
2025-03-29,0
2025-03-30,0
2025-03-31,0
2025-04-01,0
2025-04-02,0
2025-04-03,2.530118227005005
2025-04-04,0
2025-04-05,2.530118227005005
2025-04-06,4.293002605438232
2025-04-07,12.879008293151855
2025-04-08,0
2025-04-09,0
2025-04-10,8.586005210876465
2025-04-11,6.07118034362793
2025-04-12,0
2025-04-13,6.07118034362793
2025-04-14,12.14236068725586
2025-04-15,0
2025-04-16,0
2025-04-17,4.078357219696045
2025-04-18,4.078357219696045
2025-04-19,4.078357219696045
2025-04-20,4.078357219696045
2025-04-21,1.9429633617401123
2025-04-22,0
2025-04-23,1.9429633617401123
2025-04-24,1.9429633617401123
2025-04-25,0
2025-04-26,15.396832466125488
2025-04-27,10.264554977416992
2025-04-28,15.396832466125488
2025-04-29,0
2025-04-30,10.264554977416992
2025-05-01,7.602198123931885
2025-05-02,7.602198123931885
2025-05-03,22.806594848632812
2025-05-04,7.602198123931885
2025-05-05,7.602198123931885
2025-05-06,7.564591407775879
2025-05-07,14.31705093383789
2025-05-08,11.18018913269043
2025-05-09,6.00225305557251
2025-05-10,4.539127349853516
2025-05-11,0
2025-05-12,10.94470500946045
2025-05-13,0
2025-05-14,10.94470500946045
2025-05-15,21.8894100189209
2025-05-16,27.285015106201172
2025-05-17,33.12440490722656
2025-05-18,12.410017013549805
2025-05-19,14.631054878234863
2025-05-20,15.762202262878418
2025-05-21,8.104779243469238
2025-05-22,0
2025-05-23,0
2025-05-24,0
2025-05-25,0
2025-05-26,3.2390072345733643
2025-05-27,3.2390072345733643
2025-05-28,3.2390072345733643
2025-05-29,0
2025-05-30,0
2025-05-31,16.195035934448242
2025-06-01,9.701071739196777
2025-06-02,4.850535869598389
2025-06-03,14.551608085632324
2025-06-04,4.850535869598389
2025-06-05,4.850535869598389
2025-06-06,3.6408703327178955
2025-06-07,3.6408703327178955
2025-06-08,0
2025-06-09,3.6408703327178955
2025-06-10,7.281740665435791
2025-06-11,6.727733135223389
2025-06-12,11.884710311889648
2025-06-13,11.801129341125488
2025-06-14,24.1370792388916
2025-06-15,4.942228317260742
2025-06-16,2.1284596920013428
2025-06-17,0
2025-06-18,2.1284596920013428
2025-06-19,0
2025-06-20,2.1284596920013428
2025-06-21,3.3058290481567383
2025-06-22,3.3058290481567383
2025-06-23,0
2025-06-24,0
2025-06-25,0
2025-06-26,0
2025-06-27,0
2025-06-28,0
2025-06-29,0
2025-06-30,0
2025-07-01,4.501649856567383
2025-07-02,3.111924648284912
2025-07-03,4.221538066864014
2025-07-04,4.0281853675842285
2025-07-05,7.006279945373535
2025-07-06,0
2025-07-07,0
2025-07-08,4.182688236236572
2025-07-09,0
2025-07-10,0
2025-07-11,0
2025-07-12,2.246750831604004
2025-07-13,2.246750831604004
2025-07-14,2.246750831604004
2025-07-15,0
2025-07-16,0
2025-07-17,0
2025-07-18,0
2025-07-19,1.2540735006332397
2025-07-20,1.2540735006332397
2025-07-21,0
2025-07-22,2.9692509174346924
2025-07-23,2.9692509174346924
2025-07-24,5.938501834869385
2025-07-25,5.938501834869385
2025-07-26,4.064920902252197
2025-07-27,8.129841804504395
2025-07-28,8.129841804504395
2025-07-29,4.064920902252197
2025-07-30,4.064920902252197
2025-07-31,0
2025-08-01,1.5672121047973633
2025-08-02,3.1344242095947266
2025-08-03,3.1344242095947266
2025-08-04,1.5672121047973633
2025-08-05,0
2025-08-06,1.4981904029846191
2025-08-07,1.4981904029846191
2025-08-08,0
2025-08-09,1.4981904029846191
2025-08-10,1.4981904029846191
2025-08-11,6.136104106903076
2025-08-12,3.068052053451538
2025-08-13,0
2025-08-14,0
2025-08-15,3.068052053451538
2025-08-16,5.476050853729248
2025-08-17,0
2025-08-18,8.214075088500977
2025-08-19,2.738025426864624
2025-08-20,2.738025426864624
2025-08-21,2.056154727935791
2025-08-22,0
2025-08-23,3.0842318534851074
2025-08-24,1.0280773639678955
2025-08-25,1.0280773639678955
2025-08-26,3.6862170696258545
2025-08-27,5.52932596206665
2025-08-28,0
2025-08-29,0
2025-08-30,0
2025-08-31,1.8431085348129272
2025-09-01,0
2025-09-02,22.117565155029297
2025-09-03,11.058782577514648
2025-09-04,0
2025-09-05,22.117565155029297
2025-09-06,11.209114074707031
2025-09-07,5.604557037353516
2025-09-08,0
2025-09-09,0
2025-09-10,5.604557037353516
2025-09-11,0
2025-09-12,18.58085823059082
2025-09-13,9.29042911529541
2025-09-14,4.645214557647705
2025-09-15,13.935643196105957
2025-09-16,3.768439769744873
2025-09-17,7.536879539489746
2025-09-18,7.536879539489746
2025-09-19,3.768439769744873
2025-09-20,3.768439769744873
2025-09-21,5.754880905151367
2025-09-22,5.754880905151367
2025-09-23,17.2646427154541
2025-09-24,5.754880905151367
2025-09-25,11.509761810302734
2025-09-26,3.769148826599121
2025-09-27,7.538297653198242
2025-09-28,7.538297653198242
2025-09-29,3.769148826599121
2025-09-30,7.538297653198242
2025-10-01,8.225750923156738
2025-10-02,0
2025-10-03,4.112875461578369
2025-10-04,12.33862590789795
2025-10-05,4.112875461578369
2025-10-06,6.623805522918701
2025-10-07,5.6532182693481445
2025-10-08,3.6330156326293945
2025-10-09,3.638841152191162
2025-10-10,3.111562490463257
2025-10-11,12.801314353942871
2025-10-12,12.801314353942871
2025-10-13,0
2025-10-14,12.801314353942871
2025-10-15,12.801314353942871
2025-10-16,16.722610473632812
2025-10-17,8.361305236816406
2025-10-18,16.722610473632812
2025-10-19,8.361305236816406
2025-10-20,8.361305236816406
2025-10-21,4.565394401550293
2025-10-22,2.2826972007751465
2025-10-23,6.848091125488281
2025-10-24,0
2025-10-25,9.130788803100586
2025-10-26,11.401535987854004
2025-10-27,5.700767993927002
2025-10-28,0
2025-10-29,11.401535987854004
2025-10-30,11.401535987854004
2025-10-31,5.700767993927002
2025-11-01,3.4543979167938232
2025-11-02,0
2025-11-03,0
2025-11-04,0
2025-11-05,0
2025-11-06,3.3253633975982666
2025-11-07,0
2025-11-08,0
2025-11-09,0
2025-11-10,3.3253633975982666
2025-11-11,0
2025-11-12,0
2025-11-13,0
2025-11-14,0
2025-11-15,16.85059356689453
2025-11-16,0
2025-11-17,3.830374240875244
2025-11-18,11.49112319946289
2025-11-19,0
2025-11-20,0
2025-11-21,1.7590346336364746
2025-11-22,0.6151509881019592
2025-11-23,0.1080252155661583
2025-11-24,0.6478033065795898
2025-11-25,1.618506908416748
2025-11-26,4.687100410461426
2025-11-27,1.6571472883224487
2025-11-28,3.8294451236724854
2025-11-29,5.3399658203125
2025-11-30,6.621098518371582
2025-12-01,18.630672454833984
2025-12-02,0
2025-12-03,0
2025-12-04,0
2025-12-05,0
2025-12-06,0
2025-12-07,0
2025-12-08,0
2025-12-09,0
2025-12-10,0
2025-12-11,0
2025-12-12,0
2025-12-13,0
2025-12-14,0
2025-12-15,0
2025-12-16,0
2025-12-17,0
2025-12-18,0
2025-12-19,0
2025-12-20,0
2025-12-21,0
2025-12-22,0
2025-12-23,0
2025-12-24,0
2025-12-25,0
2025-12-26,0
2025-12-27,0
2025-12-28,0
2025-12-29,0
2025-12-30,0
2025-12-31,0
2026-01-01,3.9317097663879395
2026-01-02,7.863419532775879
2026-01-03,7.863419532775879
2026-01-04,3.9317097663879395
2026-01-05,3.9317097663879395
2026-01-06,0
2026-01-07,0
2026-01-08,0
2026-01-09,0
2026-01-10,0
2026-01-11,2.0755369663238525
2026-01-12,0
2026-01-13,2.0755369663238525
2026-01-14,2.0755369663238525
2026-01-15,2.0755369663238525
2026-01-16,3.4629464149475098
2026-01-17,1.7314732074737549
2026-01-18,0
2026-01-19,0
2026-01-20,0
2026-01-21,0
2026-01-22,0
2026-01-23,0
2026-01-24,0
2026-01-25,0
2026-01-26,0
2026-01-27,0
2026-01-28,0
2026-01-29,0
2026-01-30,0
2026-01-31,0
